1.120265310, Sport: ,Soccer, Time: ,Fri Aug 28 16:00:00 CEST 2015, Time: ,Fri Aug 28 16:00:00 CEST 2015, Event: ,FBK Kaunas v FK Dziugas, Favorite: ,FBK Kaunas, 180566   size:3.02,Price: ,2.06,FK Dziugas, 9390441   size:8.72,Price: ,3.15,The Draw, 58805   size:3.8,Price: ,3.55,
1.120265198, Sport: ,Soccer, Time: ,Fri Aug 28 16:00:00 CEST 2015, Time: ,Fri Aug 28 16:00:00 CEST 2015, Event: ,Ushuru FC v Tusker FC, Favorite: ,Tusker FC, 7177028   size:11.35,Price: ,2.32,The Draw, 58805   size:9.62,Price: ,2.92,
1.120264865, Sport: ,Soccer, Time: ,Fri Aug 28 17:30:00 CEST 2015, Time: ,Fri Aug 28 17:30:00 CEST 2015, Event: ,FC Espoo v Espoon Tikka, Favorite: ,The Draw, 58805   size:136.49,Price: ,1.06,Espoon Tikka, 10201488   size:88.93,Price: ,1.3,
1.120265254, Sport: ,Soccer, Time: ,Fri Aug 28 17:30:00 CEST 2015, Time: ,Fri Aug 28 17:30:00 CEST 2015, Event: ,FK Atlantas v FC Stumbras, Favorite: ,FK Atlantas, 48467   size:165.4,Price: ,1.38,The Draw, 58805   size:29.88,Price: ,5.5,FC Stumbras, 7661326   size:37.32,Price: ,7.0,
1.120264755, Sport: ,Soccer, Time: ,Fri Aug 28 17:30:00 CEST 2015, Time: ,Fri Aug 28 17:30:00 CEST 2015, Event: ,HNK Gorica v Sibenik, Favorite: ,HNK Gorica, 6692727   size:3.65,Price: ,1.86,The Draw, 58805   size:3.6,Price: ,2.88,Sibenik, 2020490   size:2.29,Price: ,2.96,
1.120221795, Sport: ,Basketball, Time: ,Fri Aug 28 17:30:00 CEST 2015, Time: ,Fri Aug 28 17:30:00 CEST 2015, Event: ,Lebanon v Belgium, Favorite: ,Belgium, 1228980   size:4.09,Price: ,1.02,
1.120264810, Sport: ,Soccer, Time: ,Fri Aug 28 17:30:00 CEST 2015, Time: ,Fri Aug 28 17:30:00 CEST 2015, Event: ,JK Tallinna Kalev II v Raasiku FC Joker 1993, Favorite: ,The Draw, 58805   size:136.49,Price: ,1.06,
1.120264920, Sport: ,Soccer, Time: ,Fri Aug 28 18:00:00 CEST 2015, Time: ,Fri Aug 28 18:00:00 CEST 2015, Event: ,Bayern Munich (W) v Potsdam (W), Favorite: ,Potsdam (W), 4714293   size:136.37,Price: ,1.06,Bayern Munich (W), 10150223   size:5.0,Price: ,1.27,The Draw, 58805   size:2.84,Price: ,3.9,
1.120267103, Sport: ,Soccer, Time: ,Fri Aug 28 18:15:00 CEST 2015, Time: ,Fri Aug 28 18:15:00 CEST 2015, Event: ,Nairobi City Stars v Western Stima FC, Favorite: ,Western Stima FC, 10059373   size:5.0,Price: ,1.79,Nairobi City Stars, 9675653   size:7.82,Price: ,2.2,The Draw, 58805   size:3.86,Price: ,2.38,
1.120304361, Sport: ,Tennis, Time: ,Fri Aug 28 18:30:00 CEST 2015, Time: ,Fri Aug 28 18:30:00 CEST 2015, Event: ,Chiudinelli v T Paul, Favorite: ,Marco Chiudinelli, 2263632   size:161.02,Price: ,1.46,Tommy Paul, 8859306   size:34.84,Price: ,2.82,
1.120223217, Sport: ,Soccer, Time: ,Fri Aug 28 18:30:00 CEST 2015, Time: ,Fri Aug 28 18:30:00 CEST 2015, Event: ,Augsburg II v Amberg, Favorite: ,Amberg, 9550072   size:229.79,Price: ,2.26,Augsburg II, 6516845   size:17.89,Price: ,3.2,The Draw, 58805   size:100.84,Price: ,3.7,
1.120155123, Sport: ,Soccer, Time: ,Fri Aug 28 19:00:00 CEST 2015, Time: ,Fri Aug 28 19:00:00 CEST 2015, Event: ,Skive v AC Horsens, Favorite: ,Skive, 151005   size:36.88,Price: ,2.6,AC Horsens, 195583   size:9.22,Price: ,2.94,The Draw, 58805   size:30.72,Price: ,3.35,
1.120223272, Sport: ,Soccer, Time: ,Fri Aug 28 19:00:00 CEST 2015, Time: ,Fri Aug 28 19:00:00 CEST 2015, Event: ,Ingolstadt II v 1860 Munich II, Favorite: ,1860 Munich II, 5482967   size:2.75,Price: ,2.26,Ingolstadt II, 5763642   size:2.71,Price: ,3.4,The Draw, 58805   size:107.92,Price: ,3.45,
1.120264480, Sport: ,Soccer, Time: ,Fri Aug 28 19:00:00 CEST 2015, Time: ,Fri Aug 28 19:00:00 CEST 2015, Event: ,Zrinjski v Celik Zenica, Favorite: ,Zrinjski, 4807138   size:11.38,Price: ,1.4,The Draw, 58805   size:4.0,Price: ,4.2,Celik Zenica, 8071612   size:11.03,Price: ,8.0,
1.120155335, Sport: ,Soccer, Time: ,Fri Aug 28 19:00:00 CEST 2015, Time: ,Fri Aug 28 19:00:00 CEST 2015, Event: ,Lyngby v FC Helsingor, Favorite: ,Lyngby, 28218   size:244.36,Price: ,1.49,The Draw, 58805   size:161.16,Price: ,4.5,FC Helsingor, 6542368   size:36.62,Price: ,8.4,
1.120265365, Sport: ,Soccer, Time: ,Fri Aug 28 19:00:00 CEST 2015, Time: ,Fri Aug 28 19:00:00 CEST 2015, Event: ,FUS Rabat v Mouloudia Dakhla, Favorite: ,FUS Rabat, 6681575   size:4.13,Price: ,1.21,The Draw, 58805   size:2.1,Price: ,5.9,Mouloudia Dakhla, 10201525   size:12.9,Price: ,10.5,
1.120155193, Sport: ,Soccer, Time: ,Fri Aug 28 19:00:00 CEST 2015, Time: ,Fri Aug 28 19:00:00 CEST 2015, Event: ,Fortuna Koln v FC Magdeburg, Favorite: ,FC Magdeburg, 516219   size:311.06,Price: ,2.7,Fortuna Koln, 5790034   size:93.0,Price: ,2.78,The Draw, 58805   size:106.47,Price: ,3.5,
1.120155264, Sport: ,Soccer, Time: ,Fri Aug 28 19:00:00 CEST 2015, Time: ,Fri Aug 28 19:00:00 CEST 2015, Event: ,Ludogorets v Slavia Sofia, Favorite: ,Ludogorets, 5112599   size:445.47,Price: ,1.23,The Draw, 58805   size:20.29,Price: ,6.6,Slavia Sofia, 1255221   size:9.54,Price: ,16.0,
1.120264314, Sport: ,Soccer, Time: ,Fri Aug 28 19:30:00 CEST 2015, Time: ,Fri Aug 28 19:30:00 CEST 2015, Event: ,OH Leuven (W) v Anderlecht (W), Favorite: ,Anderlecht (W), 6639183   size:3.91,Price: ,1.59,OH Leuven (W), 6743192   size:6.59,Price: ,3.85,The Draw, 58805   size:2.69,Price: ,4.3,
1.120231287, Sport: ,Ice Hockey, Time: ,Fri Aug 28 19:30:00 CEST 2015, Time: ,Fri Aug 28 19:30:00 CEST 2015, Event: ,Medvescak Zagreb v Vladivostok, Favorite: ,Medvescak Zagreb, 4182882   size:58.0,Price: ,2.18,Vladivostok, 7597246   size:145.73,Price: ,2.96,Tie, 60104   size:65.0,Price: ,4.3,
1.120264700, Sport: ,Soccer, Time: ,Fri Aug 28 20:00:00 CEST 2015, Time: ,Fri Aug 28 20:00:00 CEST 2015, Event: ,EC Sao Bento U20 v Santos (Bra) U20, Favorite: ,Santos (Bra) U20, 6714730   size:136.51,Price: ,1.06,The Draw, 58805   size:2.52,Price: ,1.07,
1.120264590, Sport: ,Soccer, Time: ,Fri Aug 28 20:00:00 CEST 2015, Time: ,Fri Aug 28 20:00:00 CEST 2015, Event: ,EC Santo Andre U20 v Sao Caetano U20, Favorite: ,Sao Caetano U20, 9465221   size:136.51,Price: ,1.06,The Draw, 58805   size:2.52,Price: ,1.07,
1.120155475, Sport: ,Soccer, Time: ,Fri Aug 28 20:00:00 CEST 2015, Time: ,Fri Aug 28 20:00:00 CEST 2015, Event: ,Almere City v Fortuna Sittard, Favorite: ,Almere City, 4835124   size:483.62,Price: ,1.69,The Draw, 58805   size:277.3,Price: ,4.3,Fortuna Sittard, 49058   size:65.54,Price: ,5.5,
1.120039121, Sport: ,Soccer, Time: ,Fri Aug 28 20:00:00 CEST 2015, Time: ,Fri Aug 28 20:00:00 CEST 2015, Event: ,Willem II v NEC Nijmegen, Favorite: ,Willem II, 48455   size:227.09,Price: ,1.87,The Draw, 58805   size:752.04,Price: ,3.75,NEC Nijmegen, 48456   size:37.82,Price: ,4.7,
1.120264645, Sport: ,Soccer, Time: ,Fri Aug 28 20:00:00 CEST 2015, Time: ,Fri Aug 28 20:00:00 CEST 2015, Event: ,SJ dos Campos U20 v RB Brasil U20, Favorite: ,RB Brasil U20, 10103846   size:136.51,Price: ,1.06,The Draw, 58805   size:2.52,Price: ,1.07,
1.120221798, Sport: ,Basketball, Time: ,Fri Aug 28 20:00:00 CEST 2015, Time: ,Fri Aug 28 20:00:00 CEST 2015, Event: ,Poland v Iceland, Favorite: ,Poland, 1228596   size:2.55,Price: ,1.13,Iceland, 5662872   size:2.69,Price: ,6.6,
1.120264535, Sport: ,Soccer, Time: ,Fri Aug 28 20:00:00 CEST 2015, Time: ,Fri Aug 28 20:00:00 CEST 2015, Event: ,Palmeiras U20 v Flamengo U20, Favorite: ,Flamengo U20, 6006854   size:136.51,Price: ,1.06,The Draw, 58805   size:2.52,Price: ,1.07,
1.120155405, Sport: ,Soccer, Time: ,Fri Aug 28 20:00:00 CEST 2015, Time: ,Fri Aug 28 20:00:00 CEST 2015, Event: ,NK Zagreb v Lokomotiva, Favorite: ,NK Zagreb, 189804   size:2.73,Price: ,2.46,Lokomotiva, 4057235   size:39.05,Price: ,2.8,The Draw, 58805   size:19.17,Price: ,3.9,
1.120145945, Sport: ,Soccer, Time: ,Fri Aug 28 20:30:00 CEST 2015, Time: ,Fri Aug 28 20:30:00 CEST 2015, Event: ,Guingamp v Marseille, Favorite: ,Marseille, 44798   size:4086.94,Price: ,2.08,The Draw, 58805   size:426.32,Price: ,3.4,Guingamp, 44801   size:450.84,Price: ,4.3,
1.120146123, Sport: ,Soccer, Time: ,Fri Aug 28 20:30:00 CEST 2015, Time: ,Fri Aug 28 20:30:00 CEST 2015, Event: ,Wolfsburg v Schalke, Favorite: ,Wolfsburg, 44521   size:2431.31,Price: ,2.06,The Draw, 58805   size:1856.54,Price: ,3.8,Schalke, 50335   size:1187.58,Price: ,3.9,
1.120145630, Sport: ,Soccer, Time: ,Fri Aug 28 20:45:00 CEST 2015, Time: ,Fri Aug 28 20:45:00 CEST 2015, Event: ,Blackburn v Bolton, Favorite: ,Blackburn, 48350   size:1029.6,Price: ,2.16,The Draw, 58805   size:9725.06,Price: ,3.5,Bolton, 48322   size:515.49,Price: ,3.9,
1.120263404, Sport: ,Soccer, Time: ,Fri Aug 28 17:00:00 CEST 2015, Time: ,Fri Aug 28 17:00:00 CEST 2015, Event: ,SK Klatovy 1898 v Banik Most, Favorite: ,Banik Most, 4940270   size:12.5,Price: ,2.34,SK Klatovy 1898, 10201316   size:9.39,Price: ,2.74,The Draw, 58805   size:7.73,Price: ,3.4,
1.120157689, Sport: ,Soccer, Time: ,Fri Aug 28 17:00:00 CEST 2015, Time: ,Fri Aug 28 17:00:00 CEST 2015, Event: ,Skonto FC v BFC Daugavpils, Favorite: ,Skonto FC, 9306438   size:92.29,Price: ,1.17,The Draw, 58805   size:3.81,Price: ,9.2,BFC Daugavpils, 8367606   size:2.41,Price: ,16.0,
1.120296873, Sport: ,Tennis, Time: ,Fri Aug 28 17:00:00 CEST 2015, Time: ,Fri Aug 28 17:00:00 CEST 2015, Event: ,Karatsev v Berrer, Favorite: ,Michael Berrer, 2263684   size:40.01,Price: ,1.41,Aslan Karatsev, 7659748   size:64.04,Price: ,3.4,
1.120296869, Sport: ,Tennis, Time: ,Fri Aug 28 17:00:00 CEST 2015, Time: ,Fri Aug 28 17:00:00 CEST 2015, Event: ,Zanevska v Kozlova, Favorite: ,Kateryna Kozlova, 7051154   size:13.66,Price: ,1.65,Maryna Zanevska, 6390239   size:27.59,Price: ,2.46,
1.120296881, Sport: ,Tennis, Time: ,Fri Aug 28 17:00:00 CEST 2015, Time: ,Fri Aug 28 17:00:00 CEST 2015, Event: ,P Mathieu v Falla, Favorite: ,Paul-Henri Mathieu, 8259186   size:208.34,Price: ,1.45,Alejandro Falla, 2284300   size:113.36,Price: ,3.0,
1.120296852, Sport: ,Tennis, Time: ,Fri Aug 28 17:00:00 CEST 2015, Time: ,Fri Aug 28 17:00:00 CEST 2015, Event: ,Liu v Panova, Favorite: ,Alexandra Panova, 3220169   size:24.49,Price: ,1.3,Claire Liu, 9633041   size:5.33,Price: ,4.3,
1.120265087, Sport: ,Soccer, Time: ,Fri Aug 28 17:00:00 CEST 2015, Time: ,Fri Aug 28 17:00:00 CEST 2015, Event: ,Estonia (W) v Latvia (W), Favorite: ,Estonia (W), 5767801   size:5.0,Price: ,1.07,The Draw, 58805   size:7.03,Price: ,1.12,
1.120296865, Sport: ,Tennis, Time: ,Fri Aug 28 17:00:00 CEST 2015, Time: ,Fri Aug 28 17:00:00 CEST 2015, Event: ,G Pella v Bourgue, Favorite: ,Guido Pella, 6162610   size:16.22,Price: ,1.4,Mathias Bourgue, 7066925   size:36.8,Price: ,3.4,
1.120297570, Sport: ,Tennis, Time: ,Fri Aug 28 17:00:00 CEST 2015, Time: ,Fri Aug 28 17:00:00 CEST 2015, Event: ,Kudryavtseva v S Rogers, Favorite: ,Alla Kudryavtseva, 2263696   size:7.07,Price: ,1.65,Shelby Rogers, 4943786   size:14.75,Price: ,2.44,
1.120258075, Sport: ,Soccer, Time: ,Fri Aug 28 17:30:00 CEST 2015, Time: ,Fri Aug 28 17:30:00 CEST 2015, Event: ,FC Voluntari v CS Uni Craiova, Favorite: ,CS Uni Craiova, 7615862   size:409.3,Price: ,2.7,The Draw, 58805   size:33.84,Price: ,3.05,FC Voluntari, 8838645   size:25.93,Price: ,3.1,
1.120157799, Sport: ,Soccer, Time: ,Fri Aug 28 17:30:00 CEST 2015, Time: ,Fri Aug 28 17:30:00 CEST 2015, Event: ,Tulevik Viljandi v Trans Narva, Favorite: ,Trans Narva, 46983   size:10.46,Price: ,1.48,The Draw, 58805   size:61.72,Price: ,4.4,Tulevik Viljandi, 6242675   size:3.58,Price: ,7.0,
1.120157964, Sport: ,Soccer, Time: ,Fri Aug 28 17:30:00 CEST 2015, Time: ,Fri Aug 28 17:30:00 CEST 2015, Event: ,MaPS v AIFK, Favorite: ,Maps, 496724   size:25.54,Price: ,1.81,The Draw, 58805   size:34.43,Price: ,4.1,AIFK, 436012   size:5.05,Price: ,4.3,
1.120263474, Sport: ,Soccer, Time: ,Fri Aug 28 17:30:00 CEST 2015, Time: ,Fri Aug 28 17:30:00 CEST 2015, Event: ,Cagliari v US Olbia 1905, Favorite: ,The Draw, 58805   size:136.49,Price: ,1.06,
1.120157854, Sport: ,Soccer, Time: ,Fri Aug 28 17:30:00 CEST 2015, Time: ,Fri Aug 28 17:30:00 CEST 2015, Event: ,Paide Linnameeskond v Levadia Tallinn, Favorite: ,Levadia Tallinn, 206564   size:29.61,Price: ,1.25,The Draw, 58805   size:6.83,Price: ,6.0,Paide Linnameeskond, 5407316   size:2.81,Price: ,14.5,
1.120157744, Sport: ,Soccer, Time: ,Fri Aug 28 17:30:00 CEST 2015, Time: ,Fri Aug 28 17:30:00 CEST 2015, Event: ,Kivioli FC Irbis v Kuressaare, Favorite: ,Kuressaare, 5407305   size:3.86,Price: ,1.61,Kivioli FC Irbis, 7451174   size:3.5,Price: ,4.0,The Draw, 58805   size:2.3,Price: ,5.7,
1.120154603, Sport: ,Soccer, Time: ,Fri Aug 28 18:00:00 CEST 2015, Time: ,Fri Aug 28 18:00:00 CEST 2015, Event: ,Podbeskidzie B-B v Lechia Gdansk, Favorite: ,Lechia Gdansk, 3143305   size:10.58,Price: ,2.4,Podbeskidzie B-B, 4135278   size:22.78,Price: ,3.3,The Draw, 58805   size:3.72,Price: ,3.5,
1.120193418, Sport: ,Soccer, Time: ,Fri Aug 28 18:00:00 CEST 2015, Time: ,Fri Aug 28 18:00:00 CEST 2015, Event: ,Shakhtar v Metalurg Z, Favorite: ,Shakhtar, 477822   size:369.86,Price: ,1.09,The Draw, 58805   size:10.86,Price: ,14.0,Metalurg Z, 489141   size:19.99,Price: ,46.0,
1.120158019, Sport: ,Soccer, Time: ,Fri Aug 28 18:00:00 CEST 2015, Time: ,Fri Aug 28 18:00:00 CEST 2015, Event: ,FK Liepaja v FK Ventspils, Favorite: ,FK Liepaja, 9306437   size:2.45,Price: ,2.32,The Draw, 58805   size:4.5,Price: ,3.2,FK Ventspils, 46957   size:3.17,Price: ,3.4,
1.120271760, Sport: ,Hockey, Time: ,Fri Aug 28 18:15:00 CEST 2015, Time: ,Fri Aug 28 18:15:00 CEST 2015, Event: ,Belgium (W) v Scotland (W), Favorite: ,Belgium (W), 5764155   size:136.61,Price: ,2.06,Scotland (W), 10175604   size:4.75,Price: ,2.6,Draw, 318509   size:136.61,Price: ,3.9,
1.120154772, Sport: ,Soccer, Time: ,Fri Aug 28 18:30:00 CEST 2015, Time: ,Fri Aug 28 18:30:00 CEST 2015, Event: ,Austria Klagenfurt v KSV Superfund, Favorite: ,Austria Klagenfurt, 4902204   size:87.43,Price: ,2.56,KSV Superfund, 4840627   size:49.17,Price: ,2.96,The Draw, 58805   size:147.79,Price: ,3.55,
1.120154912, Sport: ,Soccer, Time: ,Fri Aug 28 18:30:00 CEST 2015, Time: ,Fri Aug 28 18:30:00 CEST 2015, Event: ,FC Wiener Neustadt v FAC Team fur Wien, Favorite: ,FC Wiener Neustadt, 3164919   size:238.4,Price: ,2.12,The Draw, 58805   size:137.94,Price: ,3.6,FAC Team fur Wien, 3258138   size:46.74,Price: ,3.75,
1.120158809, Sport: ,Soccer, Time: ,Fri Aug 28 19:00:00 CEST 2015, Time: ,Fri Aug 28 19:00:00 CEST 2015, Event: ,Thisted v Jammerbught FC, Favorite: ,Thisted, 920044   size:3.63,Price: ,1.91,Jammerbught FC, 7441343   size:8.13,Price: ,3.1,The Draw, 58805   size:2.91,Price: ,3.75,
1.120223105, Sport: ,Soccer, Time: ,Fri Aug 28 19:00:00 CEST 2015, Time: ,Fri Aug 28 19:00:00 CEST 2015, Event: ,Jahn Regensburg v Bayreuth, Favorite: ,Jahn Regensburg, 4855758   size:26.63,Price: ,1.39,The Draw, 58805   size:36.75,Price: ,5.3,Bayreuth, 1212737   size:7.52,Price: ,8.8,
1.120155053, Sport: ,Soccer, Time: ,Fri Aug 28 19:00:00 CEST 2015, Time: ,Fri Aug 28 19:00:00 CEST 2015, Event: ,Aalesunds v Valerenga, Favorite: ,Aalesunds, 3038746   size:138.95,Price: ,2.6,Valerenga, 132563   size:512.69,Price: ,2.8,The Draw, 58805   size:61.86,Price: ,3.75,
1.120158811, Sport: ,Soccer, Time: ,Fri Aug 28 19:30:00 CEST 2015, Time: ,Fri Aug 28 19:30:00 CEST 2015, Event: ,Hassleholms IF v Kvarnby, Favorite: ,Hassleholms IF, 9371563   size:2.0,Price: ,1.73,Kvarnby, 5606279   size:2.46,Price: ,3.25,The Draw, 58805   size:3.44,Price: ,3.65,
1.120158813, Sport: ,Soccer, Time: ,Fri Aug 28 19:30:00 CEST 2015, Time: ,Fri Aug 28 19:30:00 CEST 2015, Event: ,Aspudden-Tellus v Konyaspor KIF, Favorite: ,Aspudden-Tellus, 8438628   size:4.56,Price: ,2.14,Konyaspor KIF, 6419265   size:3.33,Price: ,2.4,The Draw, 58805   size:4.12,Price: ,3.4,
1.120158074, Sport: ,Soccer, Time: ,Fri Aug 28 19:30:00 CEST 2015, Time: ,Fri Aug 28 19:30:00 CEST 2015, Event: ,Anderlecht (Y) v Gent (Y), Favorite: ,Gent (Y), 7152306   size:136.51,Price: ,1.06,The Draw, 58805   size:3.98,Price: ,1.25,
1.120132313, Sport: ,Handball, Time: ,Fri Aug 28 19:30:00 CEST 2015, Time: ,Fri Aug 28 19:30:00 CEST 2015, Event: ,Ribe Esbjerg v Skive fH, Favorite: ,Ribe Esbjerg, 6602892   size:4.98,Price: ,1.25,Skive fH, 5798546   size:80.56,Price: ,5.3,Draw, 330157   size:68.93,Price: ,9.6,
1.120158129, Sport: ,Soccer, Time: ,Fri Aug 28 19:30:00 CEST 2015, Time: ,Fri Aug 28 19:30:00 CEST 2015, Event: ,Wiener SK v SV Oberwart, Favorite: ,Wiener SK, 345639   size:2.77,Price: ,2.24,SV Oberwart, 3258136   size:2.11,Price: ,2.94,The Draw, 58805   size:6.85,Price: ,3.35,
1.120222530, Sport: ,Soccer, Time: ,Fri Aug 28 20:00:00 CEST 2015, Time: ,Fri Aug 28 20:00:00 CEST 2015, Event: ,Chateauroux v Chambly Thelle, Favorite: ,Chateauroux, 70469   size:22.81,Price: ,2.4,The Draw, 58805   size:9.69,Price: ,2.94,Chambly Thelle, 6063132   size:315.01,Price: ,3.9,
1.120263616, Sport: ,Soccer, Time: ,Fri Aug 28 20:00:00 CEST 2015, Time: ,Fri Aug 28 20:00:00 CEST 2015, Event: ,Altinordu v 1461 Trabzon, Favorite: ,Altinordu, 5290988   size:168.27,Price: ,2.32,1461 Trabzon, 5289229   size:10.51,Price: ,3.3,The Draw, 58805   size:2.71,Price: ,3.4,
1.120222528, Sport: ,Soccer, Time: ,Fri Aug 28 20:00:00 CEST 2015, Time: ,Fri Aug 28 20:00:00 CEST 2015, Event: ,Avranches v Frejus St-Raphael, Favorite: ,The Draw, 58805   size:94.99,Price: ,2.92,Frejus St-Raphael, 6063342   size:9.15,Price: ,2.98,
1.120222534, Sport: ,Soccer, Time: ,Fri Aug 28 20:00:00 CEST 2015, Time: ,Fri Aug 28 20:00:00 CEST 2015, Event: ,Marseille Consolat v Colmar, Favorite: ,Marseille Consolat, 8750956   size:18.71,Price: ,2.64,Colmar, 1355043   size:18.3,Price: ,3.0,The Draw, 58805   size:78.27,Price: ,3.2,
1.120222532, Sport: ,Soccer, Time: ,Fri Aug 28 20:00:00 CEST 2015, Time: ,Fri Aug 28 20:00:00 CEST 2015, Event: ,Belfort ASM v Beziers, Favorite: ,Belfort ASM, 6941420   size:72.58,Price: ,2.42,The Draw, 58805   size:2.71,Price: ,2.94,Beziers, 8076581   size:23.26,Price: ,3.65,
1.120305143, Sport: ,Tennis, Time: ,Fri Aug 28 20:30:00 CEST 2015, Time: ,Fri Aug 28 20:30:00 CEST 2015, Event: ,K Bondarenko v Hibino, Favorite: ,Kateryna Bondarenko, 2291864   size:111.88,Price: ,1.39,Nao Hibino, 7683152   size:18.91,Price: ,2.94,
1.120267397, Sport: ,Soccer, Time: ,Fri Aug 28 20:30:00 CEST 2015, Time: ,Fri Aug 28 20:30:00 CEST 2015, Event: ,Denbigh Town FC v Caernarfon Town, Favorite: ,Caernarfon Town, 3664465   size:136.51,Price: ,1.06,The Draw, 58805   size:2.52,Price: ,1.07,
1.120271761, Sport: ,Hockey, Time: ,Fri Aug 28 20:30:00 CEST 2015, Time: ,Fri Aug 28 20:30:00 CEST 2015, Event: ,England (W) v Spain (W), Favorite: ,England (W), 5764154   size:5.78,Price: ,1.19,Draw, 318509   size:136.61,Price: ,5.8,Spain (W), 5764150   size:4.75,Price: ,9.2,
1.120302784, Sport: ,Tennis, Time: ,Fri Aug 28 20:30:00 CEST 2015, Time: ,Fri Aug 28 20:30:00 CEST 2015, Event: ,Goerges/Hradecka v Kops-Jones/Spears, Favorite: ,Kops-Jones/Spears, 3636565   size:98.93,Price: ,1.79,Goerges/Hradecka, 9653008   size:106.76,Price: ,1.83,
1.120146300, Sport: ,Soccer, Time: ,Fri Aug 28 20:30:00 CEST 2015, Time: ,Fri Aug 28 20:30:00 CEST 2015, Event: ,Villarreal v Espanyol, Favorite: ,Villarreal, 28191   size:519.37,Price: ,1.62,The Draw, 58805   size:203.83,Price: ,4.1,Espanyol, 59044   size:2119.03,Price: ,7.0,
1.120263981, Sport: ,Soccer, Time: ,Fri Aug 28 16:00:00 CEST 2015, Time: ,Fri Aug 28 16:00:00 CEST 2015, Event: ,AC Paradou U21 v JSM Bejaia U21, Favorite: ,AC Paradou U21, 10201404   size:8.96,Price: ,2.38,JSM Bejaia U21, 8036614   size:8.67,Price: ,2.46,The Draw, 58805   size:6.18,Price: ,3.45,
1.120231253, Sport: ,Ice Hockey, Time: ,Fri Aug 28 16:00:00 CEST 2015, Time: ,Fri Aug 28 16:00:00 CEST 2015, Event: ,Traktor v Yugra, Favorite: ,Traktor, 2595834   size:107.36,Price: ,1.77,Yugra, 4913649   size:61.0,Price: ,4.2,Tie, 60104   size:54.99,Price: ,4.5,
1.120265867, Sport: ,Soccer, Time: ,Fri Aug 28 17:00:00 CEST 2015, Time: ,Fri Aug 28 17:00:00 CEST 2015, Event: ,Zenit St Petersburg (Y) v Krylya Sovetov (Y), Favorite: ,Krylya Sovetov (Y), 9989505   size:135.7,Price: ,1.06,Zenit St Petersburg (Y), 6289889   size:5.0,Price: ,1.07,The Draw, 58805   size:6.59,Price: ,7.4,
1.120265591, Sport: ,Soccer, Time: ,Fri Aug 28 17:00:00 CEST 2015, Time: ,Fri Aug 28 17:00:00 CEST 2015, Event: ,CNS Cetate Deva v ACSO Filiasi, Favorite: ,The Draw, 58805   size:135.24,Price: ,1.06,
1.120225834, Sport: ,Soccer, Time: ,Fri Aug 28 17:00:00 CEST 2015, Time: ,Fri Aug 28 17:00:00 CEST 2015, Event: ,Loko Vltavin v Pribram, Favorite: ,Pribram, 1533863   size:152.07,Price: ,1.26,The Draw, 58805   size:9.32,Price: ,5.2,Loko Vltavin, 5598523   size:31.23,Price: ,5.8,
1.120295907, Sport: ,Tennis, Time: ,Fri Aug 28 17:00:00 CEST 2015, Time: ,Fri Aug 28 17:00:00 CEST 2015, Event: ,Caruso v Volandri, Favorite: ,Filippo Volandri, 2256483   size:148.91,Price: ,1.48,Salvatore Caruso, 8257868   size:4.34,Price: ,2.78,
1.120265757, Sport: ,Soccer, Time: ,Fri Aug 28 17:00:00 CEST 2015, Time: ,Fri Aug 28 17:00:00 CEST 2015, Event: ,CS Becicherecu Mic v CF Metalurgistul Cugir, Favorite: ,The Draw, 58805   size:135.24,Price: ,1.06,
1.120265646, Sport: ,Soccer, Time: ,Fri Aug 28 17:00:00 CEST 2015, Time: ,Fri Aug 28 17:00:00 CEST 2015, Event: ,Snagov v Metaloglobus Bucuresti, Favorite: ,The Draw, 58805   size:135.24,Price: ,1.06,
1.120265536, Sport: ,Soccer, Time: ,Fri Aug 28 17:00:00 CEST 2015, Time: ,Fri Aug 28 17:00:00 CEST 2015, Event: ,Viitorul Constanta II v Gloria Popesti-Leordeni, Favorite: ,The Draw, 58805   size:135.24,Price: ,1.06,
1.120296139, Sport: ,Tennis, Time: ,Fri Aug 28 17:00:00 CEST 2015, Time: ,Fri Aug 28 17:00:00 CEST 2015, Event: ,Ostapenko v Bellis, Favorite: ,Jelena Ostapenko, 8827537   size:78.26,Price: ,1.81,Catherine Bellis, 8792467   size:10.12,Price: ,2.16,
1.120224922, Sport: ,Soccer, Time: ,Fri Aug 28 17:00:00 CEST 2015, Time: ,Fri Aug 28 17:00:00 CEST 2015, Event: ,Velke Mezirici v FC Brno, Favorite: ,The Draw, 58805   size:136.49,Price: ,1.06,
1.120158781, Sport: ,Soccer, Time: ,Fri Aug 28 17:30:00 CEST 2015, Time: ,Fri Aug 28 17:30:00 CEST 2015, Event: ,Ilves Kissat v TPV, Favorite: ,TPV, 804682   size:47.75,Price: ,1.82,The Draw, 58805   size:2.55,Price: ,4.0,Ilves Kissat, 4674857   size:3.75,Price: ,4.3,
1.120158779, Sport: ,Soccer, Time: ,Fri Aug 28 17:30:00 CEST 2015, Time: ,Fri Aug 28 17:30:00 CEST 2015, Event: ,Atlantis v PK Keski-Uusimaa, Favorite: ,Atlantis, 174384   size:2.71,Price: ,2.14,PK Keski-Uusimaa, 2449039   size:8.19,Price: ,3.4,The Draw, 58805   size:2.71,Price: ,3.85,
1.120158759, Sport: ,Soccer, Time: ,Fri Aug 28 17:30:00 CEST 2015, Time: ,Fri Aug 28 17:30:00 CEST 2015, Event: ,ESC v BK-46, Favorite: ,BK-46, 3956062   size:22.54,Price: ,2.42,ESC, 8661051   size:2.07,Price: ,3.0,The Draw, 58805   size:7.05,Price: ,3.45,
1.120158801, Sport: ,Soccer, Time: ,Fri Aug 28 18:00:00 CEST 2015, Time: ,Fri Aug 28 18:00:00 CEST 2015, Event: ,Torslanda v Kortedala IF, Favorite: ,Torslanda, 502382   size:232.23,Price: ,1.35,The Draw, 58805   size:2.11,Price: ,4.6,Kortedala IF, 9371569   size:17.71,Price: ,5.6,
1.120222537, Sport: ,Soccer, Time: ,Fri Aug 28 18:00:00 CEST 2015, Time: ,Fri Aug 28 18:00:00 CEST 2015, Event: ,CA Bastia v Sedan, Favorite: ,CA Bastia, 6601801   size:12.43,Price: ,2.8,The Draw, 58805   size:14.1,Price: ,2.86,Sedan, 44792   size:3.07,Price: ,3.1,
1.120264146, Sport: ,Soccer, Time: ,Fri Aug 28 18:30:00 CEST 2015, Time: ,Fri Aug 28 18:30:00 CEST 2015, Event: ,OM Arzew v MC Saida, Favorite: ,The Draw, 58805   size:136.49,Price: ,1.06,
1.120231274, Sport: ,Ice Hockey, Time: ,Fri Aug 28 18:30:00 CEST 2015, Time: ,Fri Aug 28 18:30:00 CEST 2015, Event: ,Dynamo Moscow v Metallurg Nk, Favorite: ,Dynamo Moscow, 1252378   size:51.0,Price: ,1.39,Tie, 60104   size:68.0,Price: ,6.0,Metallurg Nk, 3599244   size:20.0,Price: ,7.6,
1.120158803, Sport: ,Soccer, Time: ,Fri Aug 28 18:30:00 CEST 2015, Time: ,Fri Aug 28 18:30:00 CEST 2015, Event: ,Jonsereds v Tvaakers, Favorite: ,Tvaakers, 7179560   size:2.2,Price: ,1.5,The Draw, 58805   size:3.73,Price: ,3.95,Jonsereds, 502312   size:18.34,Price: ,4.1,
1.120231266, Sport: ,Ice Hockey, Time: ,Fri Aug 28 18:30:00 CEST 2015, Time: ,Fri Aug 28 18:30:00 CEST 2015, Event: ,Vityaz v Sibir, Favorite: ,Sibir, 2285014   size:2.03,Price: ,2.46,Vityaz, 2551763   size:61.89,Price: ,2.62,Tie, 60104   size:50.63,Price: ,4.1,
1.120264091, Sport: ,Soccer, Time: ,Fri Aug 28 18:30:00 CEST 2015, Time: ,Fri Aug 28 18:30:00 CEST 2015, Event: ,CRB Ain Fakroun v CA Batna, Favorite: ,The Draw, 58805   size:136.49,Price: ,1.06,
1.120296074, Sport: ,Tennis, Time: ,Fri Aug 28 18:45:00 CEST 2015, Time: ,Fri Aug 28 18:45:00 CEST 2015, Event: ,Sasnovich v Eguchi, Favorite: ,Aliaksandra Sasnovich, 7283310   size:13.66,Price: ,1.38,Misa Eguchi, 6145788   size:10.47,Price: ,3.3,
1.120301665, Sport: ,Tennis, Time: ,Fri Aug 28 18:45:00 CEST 2015, Time: ,Fri Aug 28 18:45:00 CEST 2015, Event: ,Konta v Paszek, Favorite: ,Johanna Konta, 5596561   size:14.26,Price: ,1.29,Tamira Paszek, 2263715   size:5.41,Price: ,3.75,
1.120158805, Sport: ,Soccer, Time: ,Fri Aug 28 19:00:00 CEST 2015, Time: ,Fri Aug 28 19:00:00 CEST 2015, Event: ,Assyriska BK v Ytterby, Favorite: ,Assyriska BK, 5579296   size:4.24,Price: ,2.02,Ytterby, 502421   size:2.58,Price: ,2.62,The Draw, 58805   size:2.98,Price: ,3.9,
1.120158807, Sport: ,Soccer, Time: ,Fri Aug 28 19:00:00 CEST 2015, Time: ,Fri Aug 28 19:00:00 CEST 2015, Event: ,IFK Skovde v IK Gauthiod, Favorite: ,IK Gauthiod, 6290360   size:4.07,Price: ,1.23,The Draw, 58805   size:6.46,Price: ,5.8,IFK Skovde, 9371551   size:26.02,Price: ,7.4,
1.120222994, Sport: ,Soccer, Time: ,Fri Aug 28 19:00:00 CEST 2015, Time: ,Fri Aug 28 19:00:00 CEST 2015, Event: ,Bayern Munich II v Unterhaching, Favorite: ,The Draw, 58805   size:135.24,Price: ,1.06,
1.120222939, Sport: ,Soccer, Time: ,Fri Aug 28 19:00:00 CEST 2015, Time: ,Fri Aug 28 19:00:00 CEST 2015, Event: ,Schweinfurt v Illertissen, Favorite: ,Illertissen, 6516911   size:2.45,Price: ,2.54,Schweinfurt, 111723   size:9.56,Price: ,2.8,The Draw, 58805   size:6.77,Price: ,3.75,
1.120219750, Sport: ,Rugby Union, Time: ,Fri Aug 28 19:10:00 CEST 2015, Time: ,Fri Aug 28 19:10:00 CEST 2015, Event: ,Pumas v Lions, Favorite: ,Lions, 243129   size:7.06,Price: ,1.41,Pumas, 558485   size:5.38,Price: ,3.2,Draw, 246289   size:7.36,Price: ,16.5,
1.120223050, Sport: ,Soccer, Time: ,Fri Aug 28 19:30:00 CEST 2015, Time: ,Fri Aug 28 19:30:00 CEST 2015, Event: ,Memmingen v Schalding-Heining, Favorite: ,Memmingen, 5862311   size:18.7,Price: ,2.18,The Draw, 58805   size:7.1,Price: ,3.55,Schalding-Heining, 7408558   size:4.33,Price: ,3.65,
1.120158815, Sport: ,Soccer, Time: ,Fri Aug 28 20:00:00 CEST 2015, Time: ,Fri Aug 28 20:00:00 CEST 2015, Event: ,IR Reykjavik v Afturelding, Favorite: ,IR Reykjavik, 4742652   size:2.77,Price: ,1.27,The Draw, 58805   size:3.6,Price: ,5.5,Afturelding, 3968885   size:3.34,Price: ,7.8,
1.120222541, Sport: ,Soccer, Time: ,Fri Aug 28 20:00:00 CEST 2015, Time: ,Fri Aug 28 20:00:00 CEST 2015, Event: ,Amiens v Boulogne, Favorite: ,Amiens, 70467   size:13.67,Price: ,2.22,The Draw, 58805   size:60.86,Price: ,3.1,Boulogne, 669346   size:56.61,Price: ,4.1,
1.120222543, Sport: ,Soccer, Time: ,Fri Aug 28 20:00:00 CEST 2015, Time: ,Fri Aug 28 20:00:00 CEST 2015, Event: ,Lucon v Epinal, Favorite: ,Lucon, 5114532   size:131.99,Price: ,1.84,The Draw, 58805   size:14.15,Price: ,3.35,Epinal, 2740568   size:33.07,Price: ,6.0,
1.120222539, Sport: ,Soccer, Time: ,Fri Aug 28 20:00:00 CEST 2015, Time: ,Fri Aug 28 20:00:00 CEST 2015, Event: ,Strasbourg v Vendee Les Herbiers, Favorite: ,Strasbourg, 51404   size:120.43,Price: ,1.92,The Draw, 58805   size:33.0,Price: ,3.2,Vendee Les Herbiers, 4421448   size:43.36,Price: ,5.1,
1.119427125, Sport: ,Cricket, Time: ,Fri Aug 28 20:00:00 CEST 2015, Time: ,Fri Aug 28 20:00:00 CEST 2015, Event: ,England Women v Australia Women (2nd T20), Favorite: ,Australia Women, 4708889   size:126.72,Price: ,1.78,England Women, 890529   size:52.67,Price: ,2.26,
1.120264036, Sport: ,Soccer, Time: ,Fri Aug 28 20:00:00 CEST 2015, Time: ,Fri Aug 28 20:00:00 CEST 2015, Event: ,AC Paradou v JSM Bejaia, Favorite: ,JSM Bejaia, 8036605   size:136.51,Price: ,1.06,The Draw, 58805   size:2.52,Price: ,1.07,
1.120304839, Sport: ,Tennis, Time: ,Fri Aug 28 20:15:00 CEST 2015, Time: ,Fri Aug 28 20:15:00 CEST 2015, Event: ,Alejandro Gonzalez v Bagnis, Favorite: ,Alejandro Gonzalez, 6604262   size:113.46,Price: ,1.55,Facundo Bagnis, 4520808   size:274.71,Price: ,2.62,
1.120304982, Sport: ,Tennis, Time: ,Fri Aug 28 20:15:00 CEST 2015, Time: ,Fri Aug 28 20:15:00 CEST 2015, Event: ,Basilashvili v Fabbiano, Favorite: ,Nikoloz Basilashvili, 8257807   size:31.27,Price: ,1.43,Thomas Fabbiano, 3019240   size:290.28,Price: ,3.05,
1.120264258, Sport: ,Soccer, Time: ,Fri Aug 28 20:30:00 CEST 2015, Time: ,Fri Aug 28 20:30:00 CEST 2015, Event: ,Lierse SK (W) v DVC Evas Tienen (W), Favorite: ,DVC Evas Tienen (W), 10201445   size:136.51,Price: ,1.06,The Draw, 58805   size:2.52,Price: ,1.07,Lierse SK (W), 7021471   size:5.0,Price: ,1.51,
1.120158835, Sport: ,Soccer, Time: ,Fri Aug 28 20:45:00 CEST 2015, Time: ,Fri Aug 28 20:45:00 CEST 2015, Event: ,Aberystwyth v Rhyl, Favorite: ,Aberystwyth, 339725   size:2.71,Price: ,1.57,The Draw, 58805   size:3.82,Price: ,4.4,Rhyl, 339726   size:2.71,Price: ,5.2,
1.120219752, Sport: ,Rugby League, Time: ,Fri Aug 28 21:00:00 CEST 2015, Time: ,Fri Aug 28 21:00:00 CEST 2015, Event: ,London Skolars v North Wales, Favorite: ,North Wales, 6266291   size:343.95,Price: ,1.01,London Skolars, 307794   size:11.0,Price: ,3.85,Draw, 11126   size:5.0,Price: ,16.5,
1.120267335, Sport: ,Soccer, Time: ,Fri Aug 28 16:00:00 CEST 2015, Time: ,Fri Aug 28 16:00:00 CEST 2015, Event: ,Volyn U21 v Olimpik Donetsk U21, Favorite: ,Volyn U21, 10096671   size:2.25,Price: ,2.22,Olimpik Donetsk U21, 10092763   size:9.26,Price: ,3.1,The Draw, 58805   size:2.0,Price: ,3.95,
1.120148390, Sport: ,Soccer, Time: ,Fri Aug 28 16:00:00 CEST 2015, Time: ,Fri Aug 28 16:00:00 CEST 2015, Event: ,Ural v Terek Grozni, Favorite: ,Terek Grozni, 939625   size:898.94,Price: ,2.04,The Draw, 58805   size:1236.61,Price: ,3.4,Ural, 2460920   size:404.25,Price: ,4.4,
1.120266584, Sport: ,Soccer, Time: ,Fri Aug 28 16:00:00 CEST 2015, Time: ,Fri Aug 28 16:00:00 CEST 2015, Event: ,Al Wahda (Abu Dhabi) v Al Fujairah (UAE), Favorite: ,Al Wahda (Abu Dhabi), 6132829   size:7.15,Price: ,1.26,Al Fujairah (UAE), 8855413   size:75.88,Price: ,1.36,The Draw, 58805   size:3.49,Price: ,7.4,
1.120226115, Sport: ,Soccer, Time: ,Fri Aug 28 17:00:00 CEST 2015, Time: ,Fri Aug 28 17:00:00 CEST 2015, Event: ,Neratovice v Dukla Prague, Favorite: ,Dukla Prague, 4142634   size:5.0,Price: ,1.12,The Draw, 58805   size:3.38,Price: ,7.6,Neratovice, 8761010   size:20.13,Price: ,8.6,
1.120120835, Sport: ,Volleyball, Time: ,Fri Aug 28 17:00:00 CEST 2015, Time: ,Fri Aug 28 17:00:00 CEST 2015, Event: ,South Korea v Egypt, Favorite: ,Egypt, 1185654   size:29.75,Price: ,1.01,
1.120120839, Sport: ,Volleyball, Time: ,Fri Aug 28 17:00:00 CEST 2015, Time: ,Fri Aug 28 17:00:00 CEST 2015, Event: ,Brazil v Argentina, Favorite: ,Brazil, 1175886   size:4.94,Price: ,1.26,Argentina, 1175889   size:2.64,Price: ,2.36,
1.120296766, Sport: ,Tennis, Time: ,Fri Aug 28 17:00:00 CEST 2015, Time: ,Fri Aug 28 17:00:00 CEST 2015, Event: ,E Ymer v Montanes, Favorite: ,Elias Ymer, 7414305   size:60.17,Price: ,1.54,Albert Montanes, 2263599   size:14.37,Price: ,2.7,
1.120296770, Sport: ,Tennis, Time: ,Fri Aug 28 17:00:00 CEST 2015, Time: ,Fri Aug 28 17:00:00 CEST 2015, Event: ,Kravchuk v Ma Gonzalez, Favorite: ,Konstantin Kravchuk, 5011822   size:13.23,Price: ,1.83,Maximo Gonzalez, 2489416   size:20.01,Price: ,2.12,
1.120226325, Sport: ,Soccer, Time: ,Fri Aug 28 17:30:00 CEST 2015, Time: ,Fri Aug 28 17:30:00 CEST 2015, Event: ,Union 2013 v Slavia Prague, Favorite: ,Slavia Prague, 10777   size:5.0,Price: ,1.1,The Draw, 58805   size:2.17,Price: ,7.6,Union 2013, 8761012   size:5.0,Price: ,11.5,
1.120266033, Sport: ,Soccer, Time: ,Fri Aug 28 17:45:00 CEST 2015, Time: ,Fri Aug 28 17:45:00 CEST 2015, Event: ,Al-Quadisiya (KSA) v Al-Nassr (KSA), Favorite: ,Al-Nassr (KSA), 7623587   size:40.98,Price: ,1.54,The Draw, 58805   size:94.19,Price: ,4.3,Al-Quadisiya (KSA), 10201607   size:61.26,Price: ,6.8,
1.120190803, Sport: ,Soccer, Time: ,Fri Aug 28 18:00:00 CEST 2015, Time: ,Fri Aug 28 18:00:00 CEST 2015, Event: ,Hannover II v Wolfsburg II, Favorite: ,Wolfsburg II, 5340377   size:45.39,Price: ,1.78,The Draw, 58805   size:20.47,Price: ,4.0,Hannover II, 5375313   size:16.37,Price: ,4.7,
1.120311253, Sport: ,Basketball, Time: ,Fri Aug 28 18:00:00 CEST 2015, Time: ,Fri Aug 28 18:00:00 CEST 2015, Event: ,Estonia v Bosnia and Herzegovina, Favorite: ,Bosnia and Herzegovina, 512608   size:2.61,Price: ,1.72,Estonia, 1228988   size:2.55,Price: ,2.14,
1.120311277, Sport: ,Basketball, Time: ,Fri Aug 28 18:00:00 CEST 2015, Time: ,Fri Aug 28 18:00:00 CEST 2015, Event: ,Lithuania v Netherlands, Favorite: ,Netherlands, 4814861   size:363.38,Price: ,1.02,
1.120296806, Sport: ,Tennis, Time: ,Fri Aug 28 18:30:00 CEST 2015, Time: ,Fri Aug 28 18:30:00 CEST 2015, Event: ,Pegula v Oudin, Favorite: ,Jessica Pegula, 6215852   size:2.69,Price: ,1.86,Melanie Oudin, 2895433   size:2.55,Price: ,2.02,
1.120148755, Sport: ,Soccer, Time: ,Fri Aug 28 18:30:00 CEST 2015, Time: ,Fri Aug 28 18:30:00 CEST 2015, Event: ,Freiburg v SV Sandhausen, Favorite: ,Freiburg, 44520   size:214.83,Price: ,1.88,The Draw, 58805   size:2.15,Price: ,3.75,SV Sandhausen, 2047448   size:655.08,Price: ,4.7,
1.120148664, Sport: ,Soccer, Time: ,Fri Aug 28 18:30:00 CEST 2015, Time: ,Fri Aug 28 18:30:00 CEST 2015, Event: ,Union Berlin v RB Leipzig, Favorite: ,RB Leipzig, 5340398   size:2.73,Price: ,2.28,The Draw, 58805   size:430.34,Price: ,3.5,
1.120304670, Sport: ,Tennis, Time: ,Fri Aug 28 18:45:00 CEST 2015, Time: ,Fri Aug 28 18:45:00 CEST 2015, Event: ,N Broady v Kontaveit, Favorite: ,Anett Kontaveit, 5300737   size:272.28,Price: ,1.64,Naomi Broady, 3960538   size:16.43,Price: ,2.4,
1.120296588, Sport: ,Tennis, Time: ,Fri Aug 28 18:45:00 CEST 2015, Time: ,Fri Aug 28 18:45:00 CEST 2015, Event: ,B Klein v Ebden, Favorite: ,Matthew Ebden, 4423910   size:10.19,Price: ,1.62,Brydan Klein, 2759763   size:2.03,Price: ,2.46,
1.120266474, Sport: ,Soccer, Time: ,Fri Aug 28 18:45:00 CEST 2015, Time: ,Fri Aug 28 18:45:00 CEST 2015, Event: ,Al Jazira (UAE) v Al Ain, Favorite: ,Al Jazira (UAE), 9300989   size:10.0,Price: ,2.36,Al Ain, 1252830   size:13.68,Price: ,2.98,The Draw, 58805   size:6.55,Price: ,3.75,
1.120296705, Sport: ,Tennis, Time: ,Fri Aug 28 18:45:00 CEST 2015, Time: ,Fri Aug 28 18:45:00 CEST 2015, Event: ,T Daniel v Donskoy, Favorite: ,Evgeny Donskoy, 3391304   size:4.0,Price: ,1.61,Taro Daniel, 8173434   size:69.37,Price: ,2.44,
1.120190805, Sport: ,Soccer, Time: ,Fri Aug 28 19:00:00 CEST 2015, Time: ,Fri Aug 28 19:00:00 CEST 2015, Event: ,Braunschweig II v Cloppenburg, Favorite: ,Braunschweig II, 5437281   size:274.89,Price: ,1.5,The Draw, 58805   size:32.55,Price: ,4.6,Cloppenburg, 10003037   size:5.5,Price: ,7.2,
1.120148846, Sport: ,Soccer, Time: ,Fri Aug 28 19:00:00 CEST 2015, Time: ,Fri Aug 28 19:00:00 CEST 2015, Event: ,Hammarby v Kalmar FF, Favorite: ,Hammarby, 30679   size:703.17,Price: ,1.89,The Draw, 58805   size:258.44,Price: ,3.8,Kalmar FF, 130433   size:491.11,Price: ,4.6,
1.120266144, Sport: ,Soccer, Time: ,Fri Aug 28 19:00:00 CEST 2015, Time: ,Fri Aug 28 19:00:00 CEST 2015, Event: ,NK Sencur v NK Dob, Favorite: ,NK Dob, 10201619   size:136.51,Price: ,1.06,The Draw, 58805   size:2.52,Price: ,1.07,
1.120219740, Sport: ,Rugby Union, Time: ,Fri Aug 28 19:10:00 CEST 2015, Time: ,Fri Aug 28 19:10:00 CEST 2015, Event: ,Cheetahs v Western Province, Favorite: ,Western Province, 58523   size:2.65,Price: ,1.51,Cheetahs, 857950   size:4.69,Price: ,3.05,Draw, 246289   size:8.36,Price: ,16.5,
1.120311256, Sport: ,Basketball, Time: ,Fri Aug 28 19:15:00 CEST 2015, Time: ,Fri Aug 28 19:15:00 CEST 2015, Event: ,France v Germany, Favorite: ,France, 512600   size:148.95,Price: ,1.13,Germany, 208009   size:51.94,Price: ,6.2,
1.120266419, Sport: ,Soccer, Time: ,Fri Aug 28 19:30:00 CEST 2015, Time: ,Fri Aug 28 19:30:00 CEST 2015, Event: ,Vittsjo (W) v Linkoping (W), Favorite: ,Vittsjo (W), 6316104   size:136.83,Price: ,1.06,Linkoping (W), 7301521   size:4.07,Price: ,1.53,The Draw, 58805   size:2.66,Price: ,4.4,
1.120231372, Sport: ,Ice Hockey, Time: ,Fri Aug 28 19:30:00 CEST 2015, Time: ,Fri Aug 28 19:30:00 CEST 2015, Event: ,EHC Munchen v Kosice, Favorite: ,EHC Munchen, 4923560   size:3.52,Price: ,1.54,Kosice, 2078586   size:96.13,Price: ,4.6,Tie, 60104   size:91.01,Price: ,4.8,
1.120231375, Sport: ,Ice Hockey, Time: ,Fri Aug 28 19:45:00 CEST 2015, Time: ,Fri Aug 28 19:45:00 CEST 2015, Event: ,Bern v HIFK, Favorite: ,HIFK, 66428   size:2.12,Price: ,2.36,Bern, 243256   size:7.66,Price: ,2.6,Tie, 60104   size:111.3,Price: ,4.1,
1.120266254, Sport: ,Soccer, Time: ,Fri Aug 28 20:00:00 CEST 2015, Time: ,Fri Aug 28 20:00:00 CEST 2015, Event: ,UDC Txantrea v Subiza, Favorite: ,The Draw, 58805   size:136.51,Price: ,1.06,
1.120305132, Sport: ,Tennis, Time: ,Fri Aug 28 20:00:00 CEST 2015, Time: ,Fri Aug 28 20:00:00 CEST 2015, Event: ,Rublev v Gojowczyk, Favorite: ,Andrey Rublev, 7797771   size:10.13,Price: ,1.77,Peter Gojowczyk, 4691416   size:2.55,Price: ,2.18,
1.120265978, Sport: ,Soccer, Time: ,Fri Aug 28 20:00:00 CEST 2015, Time: ,Fri Aug 28 20:00:00 CEST 2015, Event: ,Al-Faisaly (KSA) v Al-Taawon (KSA), Favorite: ,Al-Taawon (KSA), 7747262   size:2.42,Price: ,2.54,Al-Faisaly (KSA), 7899434   size:15.54,Price: ,2.86,The Draw, 58805   size:4.37,Price: ,3.65,
1.120266199, Sport: ,Soccer, Time: ,Fri Aug 28 20:00:00 CEST 2015, Time: ,Fri Aug 28 20:00:00 CEST 2015, Event: ,CD Iruna v CA Osasuna II, Favorite: ,The Draw, 58805   size:136.51,Price: ,1.06,
1.120237642, Sport: ,Soccer, Time: ,Fri Aug 28 20:00:00 CEST 2015, Time: ,Fri Aug 28 20:00:00 CEST 2015, Event: ,Arsenal U21 v West Ham U21, Favorite: ,Arsenal U21, 6667763   size:5.83,Price: ,1.51,The Draw, 58805   size:14.47,Price: ,2.8,West Ham U21, 6586873   size:6.68,Price: ,3.2,
1.120311266, Sport: ,Basketball, Time: ,Fri Aug 28 20:15:00 CEST 2015, Time: ,Fri Aug 28 20:15:00 CEST 2015, Event: ,Greece v Turkey, Favorite: ,Greece, 512602   size:6.55,Price: ,1.25,Turkey, 208004   size:15.35,Price: ,4.3,
1.120311269, Sport: ,Basketball, Time: ,Fri Aug 28 20:30:00 CEST 2015, Time: ,Fri Aug 28 20:30:00 CEST 2015, Event: ,Italy v Georgia, Favorite: ,Italy, 512604   size:134.78,Price: ,1.14,Georgia, 332210   size:57.65,Price: ,5.7,
1.120156527, Sport: ,Soccer, Time: ,Fri Aug 28 20:45:00 CEST 2015, Time: ,Fri Aug 28 20:45:00 CEST 2015, Event: ,Shelbourne v UCD, Favorite: ,UCD, 184328   size:127.04,Price: ,2.28,Shelbourne, 46928   size:135.84,Price: ,3.3,The Draw, 58805   size:229.25,Price: ,3.6,
1.120156177, Sport: ,Soccer, Time: ,Fri Aug 28 20:45:00 CEST 2015, Time: ,Fri Aug 28 20:45:00 CEST 2015, Event: ,St Patricks v Derry, Favorite: ,St Patricks, 364471   size:20.58,Price: ,1.54,The Draw, 58805   size:442.97,Price: ,4.3,Derry, 184326   size:164.32,Price: ,7.4,
1.120141404, Sport: ,Soccer, Time: ,Fri Aug 28 20:45:00 CEST 2015, Time: ,Fri Aug 28 20:45:00 CEST 2015, Event: ,Ballymena v Carrick Rangers, Favorite: ,Carrick Rangers, 2757225   size:20.76,Price: ,2.48,Ballymena, 539985   size:24.31,Price: ,2.88,The Draw, 58805   size:29.76,Price: ,3.65,
1.120141410, Sport: ,Soccer, Time: ,Fri Aug 28 20:45:00 CEST 2015, Time: ,Fri Aug 28 20:45:00 CEST 2015, Event: ,Glenavon v Glentoran, Favorite: ,Glenavon, 46955   size:34.98,Price: ,2.1,Glentoran, 46944   size:28.45,Price: ,3.5,The Draw, 58805   size:52.05,Price: ,3.75,
1.120156247, Sport: ,Soccer, Time: ,Fri Aug 28 20:45:00 CEST 2015, Time: ,Fri Aug 28 20:45:00 CEST 2015, Event: ,Drogheda v Limerick, Favorite: ,Limerick, 385757   size:13.66,Price: ,2.56,Drogheda, 184329   size:213.26,Price: ,2.92,The Draw, 58805   size:258.9,Price: ,3.6,
1.120266364, Sport: ,Soccer, Time: ,Fri Aug 28 21:00:00 CEST 2015, Time: ,Fri Aug 28 21:00:00 CEST 2015, Event: ,Espanyol (W) v FC Levante LP (W), Favorite: ,The Draw, 58805   size:136.51,Price: ,1.06,
1.120216114, Sport: ,Rugby Union, Time: ,Fri Aug 28 21:00:00 CEST 2015, Time: ,Fri Aug 28 21:00:00 CEST 2015, Event: ,Clermont v Grenoble, Favorite: ,Clermont, 1275770   size:2741.31,Price: ,1.09,Grenoble, 233950   size:6.73,Price: ,8.2,Draw, 246289   size:2.0,Price: ,32.0,
1.120311250, Sport: ,Basketball, Time: ,Fri Aug 28 21:00:05 CEST 2015, Time: ,Fri Aug 28 21:00:05 CEST 2015, Event: ,Croatia v Israel, Favorite: ,Croatia, 512603   size:30.57,Price: ,1.15,Israel, 512607   size:7.36,Price: ,5.7,
1.120305754, Sport: ,Basketball, Time: ,Fri Aug 28 16:00:00 CEST 2015, Time: ,Fri Aug 28 16:00:00 CEST 2015, Event: ,Mali v Egypt, Favorite: ,Egypt, 1183340   size:169.68,Price: ,1.3,Mali, 2475800   size:86.06,Price: ,4.1,
1.120265476, Sport: ,Soccer, Time: ,Fri Aug 28 18:00:00 CEST 2015, Time: ,Fri Aug 28 18:00:00 CEST 2015, Event: ,Ittihad Khemisset v Chabab Atlas Khenifra, Favorite: ,Ittihad Khemisset, 8200202   size:2.45,Price: ,2.04,The Draw, 58805   size:3.41,Price: ,2.32,Chabab Atlas Khenifra, 8184403   size:63.89,Price: ,3.0,
1.120265420, Sport: ,Soccer, Time: ,Fri Aug 28 18:00:00 CEST 2015, Time: ,Fri Aug 28 18:00:00 CEST 2015, Event: ,Youssoufia Berrechid v Club Chabab Riadi Salmi, Favorite: ,Club Chabab Riadi Salmi, 10201537   size:135.24,Price: ,1.06,The Draw, 58805   size:7.15,Price: ,3.55,
1.120148481, Sport: ,Soccer, Time: ,Fri Aug 28 18:00:00 CEST 2015, Time: ,Fri Aug 28 18:00:00 CEST 2015, Event: ,AGF v Esbjerg, Favorite: ,AGF, 28214   size:413.2,Price: ,2.52,Esbjerg, 113193   size:67.0,Price: ,2.96,The Draw, 58805   size:376.78,Price: ,3.6,
1.120305776, Sport: ,Basketball, Time: ,Fri Aug 28 18:00:00 CEST 2015, Time: ,Fri Aug 28 18:00:00 CEST 2015, Event: ,Algeria v Gabon, Favorite: ,Algeria, 208015   size:200.0,Price: ,1.06,Gabon, 9792256   size:68.94,Price: ,7.6,
1.120304541, Sport: ,Tennis, Time: ,Fri Aug 28 18:30:00 CEST 2015, Time: ,Fri Aug 28 18:30:00 CEST 2015, Event: ,Marchenko v Menendez-Maceiras, Favorite: ,Illya Marchenko, 3691700   size:102.99,Price: ,1.72,Adrian Menendez-Maceira, 9128710   size:13.56,Price: ,2.26,
1.120231356, Sport: ,Ice Hockey, Time: ,Fri Aug 28 18:30:00 CEST 2015, Time: ,Fri Aug 28 18:30:00 CEST 2015, Event: ,Sparta Prague v Storhamar, Favorite: ,Sparta Prague, 284689   size:13.35,Price: ,1.28,Tie, 60104   size:68.9,Price: ,6.6,Storhamar, 71258   size:68.92,Price: ,7.6,
1.120148573, Sport: ,Soccer, Time: ,Fri Aug 28 18:30:00 CEST 2015, Time: ,Fri Aug 28 18:30:00 CEST 2015, Event: ,FC Heidenheim v Kaiserslautern, Favorite: ,Kaiserslautern, 14075   size:708.44,Price: ,2.48,FC Heidenheim, 3237590   size:281.63,Price: ,3.2,The Draw, 58805   size:169.87,Price: ,3.4,
1.120231359, Sport: ,Ice Hockey, Time: ,Fri Aug 28 19:00:00 CEST 2015, Time: ,Fri Aug 28 19:00:00 CEST 2015, Event: ,Trinec v Stavanger, Favorite: ,Trinec, 563259   size:115.67,Price: ,1.33,Stavanger, 518241   size:72.11,Price: ,5.8,Tie, 60104   size:69.12,Price: ,6.6,
1.120304524, Sport: ,Tennis, Time: ,Fri Aug 28 19:00:00 CEST 2015, Time: ,Fri Aug 28 19:00:00 CEST 2015, Event: ,Tsurenko v L Safarova, Favorite: ,Lucie Safarova, 2256462   size:498.37,Price: ,1.56,Lesia Tsurenko, 5300861   size:47.94,Price: ,2.76,
1.120267218, Sport: ,Soccer, Time: ,Fri Aug 28 19:30:00 CEST 2015, Time: ,Fri Aug 28 19:30:00 CEST 2015, Event: ,PSV FC Ein (W) v ADO Den Haag (W), Favorite: ,ADO Den Haag (W), 5291062   size:136.51,Price: ,1.06,The Draw, 58805   size:2.52,Price: ,1.07,
1.120267162, Sport: ,Soccer, Time: ,Fri Aug 28 19:30:00 CEST 2015, Time: ,Fri Aug 28 19:30:00 CEST 2015, Event: ,Twente (W) v Telstar (W), Favorite: ,Telstar (W), 5943510   size:136.51,Price: ,1.06,The Draw, 58805   size:2.52,Price: ,1.07,
1.120267273, Sport: ,Soccer, Time: ,Fri Aug 28 19:30:00 CEST 2015, Time: ,Fri Aug 28 19:30:00 CEST 2015, Event: ,Heerenveen (W) v Zwolle (W), Favorite: ,Zwolle (W), 5288608   size:136.51,Price: ,1.06,The Draw, 58805   size:2.52,Price: ,1.07,
1.120132378, Sport: ,Handball, Time: ,Fri Aug 28 19:30:00 CEST 2015, Time: ,Fri Aug 28 19:30:00 CEST 2015, Event: ,Aalborg v Skjern, Favorite: ,Skjern, 928215   size:136.61,Price: ,1.88,Aalborg, 1065783   size:138.48,Price: ,2.2,Draw, 330157   size:68.91,Price: ,7.6,
1.120231383, Sport: ,Ice Hockey, Time: ,Fri Aug 28 19:45:00 CEST 2015, Time: ,Fri Aug 28 19:45:00 CEST 2015, Event: ,Davos v Farjestad, Favorite: ,Davos, 243249   size:136.61,Price: ,2.1,Farjestad, 237392   size:2.37,Price: ,2.62,Tie, 60104   size:111.68,Price: ,4.1,
1.120231480, Sport: ,Handball, Time: ,Fri Aug 28 19:45:00 CEST 2015, Time: ,Fri Aug 28 19:45:00 CEST 2015, Event: ,Hamburg v Lemgo, Favorite: ,Hamburg, 2027629   size:4.48,Price: ,1.39,Lemgo, 2201967   size:6.18,Price: ,4.3,Draw, 330157   size:68.93,Price: ,9.0,
1.120231391, Sport: ,Ice Hockey, Time: ,Fri Aug 28 20:00:00 CEST 2015, Time: ,Fri Aug 28 20:00:00 CEST 2015, Event: ,Frolunda v JYP, Favorite: ,Frolunda, 60808   size:9.93,Price: ,1.72,JYP, 66423   size:138.36,Price: ,3.5,Tie, 60104   size:104.89,Price: ,4.3,
1.120304440, Sport: ,Tennis, Time: ,Fri Aug 28 20:00:00 CEST 2015, Time: ,Fri Aug 28 20:00:00 CEST 2015, Event: ,Edmund v Yo Nishioka, Favorite: ,Kyle Edmund, 5626817   size:34.42,Price: ,1.4,Yoshihito Nishioka, 7137497   size:2.55,Price: ,3.05,
1.120155615, Sport: ,Soccer, Time: ,Fri Aug 28 20:00:00 CEST 2015, Time: ,Fri Aug 28 20:00:00 CEST 2015, Event: ,Telstar v Emmen, Favorite: ,Emmen, 419126   size:29.46,Price: ,2.38,Telstar, 67163   size:242.75,Price: ,3.1,The Draw, 58805   size:245.13,Price: ,3.7,
1.120262016, Sport: ,Soccer, Time: ,Fri Aug 28 20:00:00 CEST 2015, Time: ,Fri Aug 28 20:00:00 CEST 2015, Event: ,Jagodina v Borac Cacak, Favorite: ,Borac Cacak, 2020561   size:25.62,Price: ,2.48,Jagodina, 4906872   size:13.27,Price: ,3.1,The Draw, 58805   size:13.88,Price: ,3.2,
1.120155545, Sport: ,Soccer, Time: ,Fri Aug 28 20:00:00 CEST 2015, Time: ,Fri Aug 28 20:00:00 CEST 2015, Event: ,FC Eindhoven v MVV Maastricht, Favorite: ,FC Eindhoven, 503439   size:434.18,Price: ,1.79,The Draw, 58805   size:112.5,Price: ,4.1,MVV Maastricht, 8704630   size:141.45,Price: ,4.8,
1.120155685, Sport: ,Soccer, Time: ,Fri Aug 28 20:00:00 CEST 2015, Time: ,Fri Aug 28 20:00:00 CEST 2015, Event: ,Helmond Sport v Breda, Favorite: ,Breda, 48448   size:2.81,Price: ,2.08,Helmond Sport, 419129   size:204.14,Price: ,3.75,The Draw, 58805   size:172.02,Price: ,3.8,
1.120155826, Sport: ,Soccer, Time: ,Fri Aug 28 20:00:00 CEST 2015, Time: ,Fri Aug 28 20:00:00 CEST 2015, Event: ,Volendam v VVV, Favorite: ,Volendam, 419133   size:57.82,Price: ,2.36,VVV, 503419   size:164.3,Price: ,3.05,The Draw, 58805   size:200.5,Price: ,3.8,
1.120304744, Sport: ,Tennis, Time: ,Fri Aug 28 20:30:00 CEST 2015, Time: ,Fri Aug 28 20:30:00 CEST 2015, Event: ,A Lim v Siegemund, Favorite: ,Laura Siegemund, 4829328   size:21.22,Price: ,1.29,Alizé Lim, 8538948   size:57.37,Price: ,4.1,
1.120304545, Sport: ,Tennis, Time: ,Fri Aug 28 20:30:00 CEST 2015, Time: ,Fri Aug 28 20:30:00 CEST 2015, Event: ,Sakkari v Martic, Favorite: ,Petra Martic, 2346703   size:81.96,Price: ,1.42,Maria Sakkari, 9002331   size:3.61,Price: ,3.05,
1.120149757, Sport: ,Soccer, Time: ,Fri Aug 28 20:30:00 CEST 2015, Time: ,Fri Aug 28 20:30:00 CEST 2015, Event: ,Genk v Charleroi, Favorite: ,Genk, 14072   size:389.94,Price: ,2.0,The Draw, 58805   size:685.79,Price: ,3.65,Charleroi, 65808   size:111.45,Price: ,4.2,
1.120155966, Sport: ,Soccer, Time: ,Fri Aug 28 20:30:00 CEST 2015, Time: ,Fri Aug 28 20:30:00 CEST 2015, Event: ,Wisla Krakow v Slask Wroclaw, Favorite: ,Wisla Krakow, 10782   size:106.56,Price: ,2.6,Slask Wroclaw, 3143307   size:17.34,Price: ,3.0,The Draw, 58805   size:166.12,Price: ,3.4,
1.120156036, Sport: ,Soccer, Time: ,Fri Aug 28 20:45:00 CEST 2015, Time: ,Fri Aug 28 20:45:00 CEST 2015, Event: ,Bohemians v Dundalk, Favorite: ,Dundalk, 198746   size:288.6,Price: ,1.55,The Draw, 58805   size:101.64,Price: ,4.4,Bohemians, 3814   size:96.08,Price: ,7.4,
1.120156457, Sport: ,Soccer, Time: ,Fri Aug 28 20:45:00 CEST 2015, Time: ,Fri Aug 28 20:45:00 CEST 2015, Event: ,Cabinteely v Finn Harps, Favorite: ,Finn Harps, 385761   size:330.06,Price: ,1.4,The Draw, 58805   size:70.08,Price: ,5.0,Cabinteely, 9277557   size:34.33,Price: ,11.0,
1.120149848, Sport: ,Soccer, Time: ,Fri Aug 28 20:45:00 CEST 2015, Time: ,Fri Aug 28 20:45:00 CEST 2015, Event: ,Gaziantepspor v Besiktas, Favorite: ,Besiktas, 232068   size:292.04,Price: ,1.71,The Draw, 58805   size:342.83,Price: ,3.9,Gaziantepspor, 46988   size:431.85,Price: ,6.0,
1.120156106, Sport: ,Soccer, Time: ,Fri Aug 28 20:45:00 CEST 2015, Time: ,Fri Aug 28 20:45:00 CEST 2015, Event: ,Cork City v Galway Utd, Favorite: ,Cork City, 298594   size:2726.54,Price: ,1.21,The Draw, 58805   size:55.38,Price: ,7.6,Galway Utd, 318841   size:53.59,Price: ,19.5,
1.120299943, Sport: ,Tennis, Time: ,Fri Aug 28 17:00:00 CEST 2015, Time: ,Fri Aug 28 17:00:00 CEST 2015, Event: ,Hibi v Cirstea, Favorite: ,Sorana Cirstea, 2387871   size:13.31,Price: ,1.61,Mayo Hibi, 7594221   size:2.57,Price: ,2.42,
1.120148937, Sport: ,Soccer, Time: ,Fri Aug 28 19:00:00 CEST 2015, Time: ,Fri Aug 28 19:00:00 CEST 2015, Event: ,Rostov v Amkar, Favorite: ,Rostov, 503146   size:132.95,Price: ,1.85,The Draw, 58805   size:164.83,Price: ,3.5,Amkar, 746696   size:3.79,Price: ,5.6,
1.120304739, Sport: ,Tennis, Time: ,Fri Aug 28 19:30:00 CEST 2015, Time: ,Fri Aug 28 19:30:00 CEST 2015, Event: ,Clezar v Jo Smith, Favorite: ,John-Patrick Smith, 8243874   size:84.61,Price: ,1.25,Guilherme Clezar, 5304142   size:9.11,Price: ,4.6,
1.120149302, Sport: ,Soccer, Time: ,Fri Aug 28 20:00:00 CEST 2015, Time: ,Fri Aug 28 20:00:00 CEST 2015, Event: ,Dijon v Creteil, Favorite: ,Dijon, 305995   size:619.07,Price: ,1.72,The Draw, 58805   size:505.8,Price: ,3.65,Creteil, 269793   size:115.26,Price: ,6.4,
1.120149120, Sport: ,Soccer, Time: ,Fri Aug 28 20:00:00 CEST 2015, Time: ,Fri Aug 28 20:00:00 CEST 2015, Event: ,Paris FC v Brest, Favorite: ,Paris FC, 5168454   size:34.37,Price: ,2.52,The Draw, 58805   size:168.15,Price: ,2.98,Brest, 669348   size:187.79,Price: ,3.6,
1.120149575, Sport: ,Soccer, Time: ,Fri Aug 28 20:00:00 CEST 2015, Time: ,Fri Aug 28 20:00:00 CEST 2015, Event: ,Auxerre v Nimes, Favorite: ,Auxerre, 44800   size:111.2,Price: ,1.93,The Draw, 58805   size:571.18,Price: ,3.3,Nimes, 77586   size:12.52,Price: ,5.2,
1.120149029, Sport: ,Soccer, Time: ,Fri Aug 28 20:00:00 CEST 2015, Time: ,Fri Aug 28 20:00:00 CEST 2015, Event: ,Red Star v Valenciennes, Favorite: ,Red Star, 496950   size:193.46,Price: ,2.1,The Draw, 58805   size:504.44,Price: ,3.15,Valenciennes, 669343   size:132.17,Price: ,4.5,
1.120149393, Sport: ,Soccer, Time: ,Fri Aug 28 20:00:00 CEST 2015, Time: ,Fri Aug 28 20:00:00 CEST 2015, Event: ,Clermont v Nancy, Favorite: ,Clermont, 309686   size:47.22,Price: ,2.86,Nancy, 70468   size:284.03,Price: ,3.0,The Draw, 58805   size:46.17,Price: ,3.05,
1.120237658, Sport: ,Soccer, Time: ,Fri Aug 28 20:00:00 CEST 2015, Time: ,Fri Aug 28 20:00:00 CEST 2015, Event: ,Norwich U21 v Chelsea U21, Favorite: ,Norwich U21, 6667764   size:7.36,Price: ,2.12,Chelsea U21, 6689721   size:7.14,Price: ,2.34,The Draw, 58805   size:14.14,Price: ,2.96,
1.120149484, Sport: ,Soccer, Time: ,Fri Aug 28 20:00:00 CEST 2015, Time: ,Fri Aug 28 20:00:00 CEST 2015, Event: ,Bourg-Peronnas v Sochaux, Favorite: ,Bourg-Peronnas, 676431   size:300.5,Price: ,2.9,The Draw, 58805   size:731.93,Price: ,3.0,
1.120149211, Sport: ,Soccer, Time: ,Fri Aug 28 20:00:00 CEST 2015, Time: ,Fri Aug 28 20:00:00 CEST 2015, Event: ,Niort v Laval, Favorite: ,Niort, 309687   size:610.4,Price: ,2.38,The Draw, 58805   size:968.48,Price: ,3.0,Laval, 77585   size:109.68,Price: ,3.9,
1.120304730, Sport: ,Tennis, Time: ,Fri Aug 28 20:15:00 CEST 2015, Time: ,Fri Aug 28 20:15:00 CEST 2015, Event: ,Bertens v Voracova, Favorite: ,Kiki Bertens, 5611697   size:7.03,Price: ,1.27,Renata Voracova, 2263711   size:5.27,Price: ,4.0,
1.120304674, Sport: ,Tennis, Time: ,Fri Aug 28 20:15:00 CEST 2015, Time: ,Fri Aug 28 20:15:00 CEST 2015, Event: ,Kulichkova v Kasatkina, Favorite: ,Daria Kasatkina, 7795290   size:6.93,Price: ,1.79,Elizaveta Kulichkova, 7795296   size:12.14,Price: ,2.2,
1.120304678, Sport: ,Tennis, Time: ,Fri Aug 28 21:00:00 CEST 2015, Time: ,Fri Aug 28 21:00:00 CEST 2015, Event: ,P Herbert v St Johnson, Favorite: ,Steve Johnson, 4876706   size:21.93,Price: ,1.49,Pierre-Hugues Herbert, 8266399   size:64.11,Price: ,2.98,
