1.121331617, Sport: ,Tennis, Time: ,Sun Oct 18 08:54:00 CEST 2015, Time: ,Sun Oct 18 08:54:00 CEST 2015, Event: ,Gunneswaran v L Sood, Favorite: ,Prajnesh Gunneswaran, 8256934   size:24.89,Price: ,1.03,Lakshit Sood, 8304095   size:4.88,Price: ,1.03
1.121320557, Sport: ,Soccer, Time: ,Sun Oct 18 09:00:00 CEST 2015, Time: ,Sun Oct 18 09:00:00 CEST 2015, Event: ,FC Machida v Sagamihara, Favorite: ,FC Machida, 6207339   size:63.14,Price: ,2.04,Sagamihara, 9339232   size:2.72,Price: ,5.6,The Draw, 58805   size:13.05,Price: ,2.88
1.121164565, Sport: ,Soccer, Time: ,Sun Oct 18 09:30:00 CEST 2015, Time: ,Sun Oct 18 09:30:00 CEST 2015, Event: ,Yau Tsim Mong FT v Wofoo Tai Po, Favorite: ,Wofoo Tai Po, 5204518   size:2.87,Price: ,1.05,Yau Tsim Mong FT, 9018590   size:9.87,Price: ,2.4,The Draw, 58805   size:10.57,Price: ,2.22
1.121163949, Sport: ,Soccer, Time: ,Sun Oct 18 09:30:00 CEST 2015, Time: ,Sun Oct 18 09:30:00 CEST 2015, Event: ,Double Flower FA v Wanchai Sports Fed, Favorite: ,Double Flower FA, 8826368   size:2.87,Price: ,1.05,Wanchai Sports Fed, 8856719   size:10.57,Price: ,1.75,The Draw, 58805   size:10.57,Price: ,2.22
1.121164416, Sport: ,Soccer, Time: ,Sun Oct 18 09:30:00 CEST 2015, Time: ,Sun Oct 18 09:30:00 CEST 2015, Event: ,Tai Chung v Kwun Tong FA, Favorite: ,Tai Chung, 5236529   size:118.49,Price: ,2.08,Kwun Tong FA, 8923493   size:10.55,Price: ,3.0,The Draw, 58805   size:71.2,Price: ,3.7
1.121333492, Sport: ,Tennis, Time: ,Sun Oct 18 09:32:00 CEST 2015, Time: ,Sun Oct 18 09:32:00 CEST 2015, Event: ,Myneni v Jor Thompson, Favorite: ,Jordan Thompson, 8145584   size:17.56,Price: ,1.72,Saketh Myneni, 7445661   size:13.3,Price: ,2.04
1.121316016, Sport: ,Soccer, Time: ,Sun Oct 18 10:15:00 CEST 2015, Time: ,Sun Oct 18 10:15:00 CEST 2015, Event: ,Prevysov v TJ Sokol Zapy, Favorite: ,Prevysov, 5727458   size:13.85,Price: ,2.12,TJ Sokol Zapy, 7304491   size:8.57,Price: ,3.05,The Draw, 58805   size:7.65,Price: ,3.65
1.121316072, Sport: ,Soccer, Time: ,Sun Oct 18 10:15:00 CEST 2015, Time: ,Sun Oct 18 10:15:00 CEST 2015, Event: ,Zizkov v Zenit Caslav, Favorite: ,Zizkov, 50333   size:7.21,Price: ,1.65,Zenit Caslav, 3985001   size:4.04,Price: ,5.1,The Draw, 58805   size:5.35,Price: ,3.95
1.121316181, Sport: ,Soccer, Time: ,Sun Oct 18 10:30:00 CEST 2015, Time: ,Sun Oct 18 10:30:00 CEST 2015, Event: ,Zlin II v 1. FC Slovacko II, Favorite: ,Zlin II, 5949299   size:10.57,Price: ,1.22,1. FC Slovacko II, 6391861   size:3.0,Price: ,4.3,The Draw, 58805   size:4.99,Price: ,3.15
1.121333269, Sport: ,Tennis, Time: ,Sun Oct 18 10:30:00 CEST 2015, Time: ,Sun Oct 18 10:30:00 CEST 2015, Event: ,N Djokovic v Tsonga, Favorite: ,Novak Djokovic, 2249229   size:325621.65,Price: ,1.1,Jo-Wilfried Tsonga, 4190307   size:4003.09,Price: ,10.5
1.121316350, Sport: ,Soccer, Time: ,Sun Oct 18 11:00:00 CEST 2015, Time: ,Sun Oct 18 11:00:00 CEST 2015, Event: ,Calcio Como U19 v AC Perugia U19, Favorite: ,AC Perugia U19, 8842107   size:3.0,Price: ,2.1,Calcio Como U19, 9509684   size:3.0,Price: ,2.84,The Draw, 58805   size:4.99,Price: ,3.15
1.121316250, Sport: ,Soccer, Time: ,Sun Oct 18 11:00:00 CEST 2015, Time: ,Sun Oct 18 11:00:00 CEST 2015, Event: ,FK MAS Taborsko II v Tachov, Favorite: ,FK MAS Taborsko II, 10153983   size:3.85,Price: ,1.61,Tachov, 4142626   size:3.95,Price: ,4.6,The Draw, 58805   size:56.49,Price: ,3.35
1.121316239, Sport: ,Soccer, Time: ,Sun Oct 18 11:00:00 CEST 2015, Time: ,Sun Oct 18 11:00:00 CEST 2015, Event: ,AC Chievo Verona U19 v AC Milan U19, Favorite: ,AC Chievo Verona U19, 6796818   size:3.0,Price: ,2.3,AC Milan U19, 2502326   size:3.0,Price: ,2.6,The Draw, 58805   size:5.82,Price: ,3.15
1.121334015, Sport: ,Tennis, Time: ,Sun Oct 18 11:30:00 CEST 2015, Time: ,Sun Oct 18 11:30:00 CEST 2015, Event: ,Arruabarrena/Klepac v Cornet/Shvedova, Favorite: ,Cornet/Shvedova, 10407862   size:8.77,Price: ,1.64,Arruabarrena/Klepac, 10108710   size:2.34,Price: ,2.14
1.121325207, Sport: ,Soccer, Time: ,Sun Oct 18 11:30:00 CEST 2015, Time: ,Sun Oct 18 11:30:00 CEST 2015, Event: ,Coria CF v CD Cabecense, Favorite: ,Coria CF, 6450526   size:2.55,Price: ,1.35,CD Cabecense, 7764344   size:2.55,Price: ,2.16,The Draw, 58805   size:4.99,Price: ,3.1
1.121326438, Sport: ,Soccer, Time: ,Sun Oct 18 11:30:00 CEST 2015, Time: ,Sun Oct 18 11:30:00 CEST 2015, Event: ,CD San Fernando v CDA Navalcarnero, Favorite: ,CD San Fernando, 9320398   size:10.57,Price: ,1.22,CDA Navalcarnero, 9376533   size:10.57,Price: ,1.22,The Draw, 58805   size:4.99,Price: ,3.1
1.121325262, Sport: ,Soccer, Time: ,Sun Oct 18 11:30:00 CEST 2015, Time: ,Sun Oct 18 11:30:00 CEST 2015, Event: ,Deportivo Alaves II v CD Santurtzi, Favorite: ,Deportivo Alaves II, 6929140   size:10.57,Price: ,1.22,CD Santurtzi, 8826846   size:10.57,Price: ,1.22,The Draw, 58805   size:4.99,Price: ,3.1
1.121322326, Sport: ,Soccer, Time: ,Sun Oct 18 11:30:00 CEST 2015, Time: ,Sun Oct 18 11:30:00 CEST 2015, Event: ,Ath Bilbao II (W) v CDEF Logrono (W), Favorite: ,Ath Bilbao II (W), 8278781   size:10.57,Price: ,1.22,CDEF Logrono (W), 10428910   size:10.57,Price: ,1.22,The Draw, 58805   size:10.57,Price: ,3.1
1.121224910, Sport: ,Soccer, Time: ,Sun Oct 18 12:00:00 CEST 2015, Time: ,Sun Oct 18 12:00:00 CEST 2015, Event: ,Betis B v Recreativo Huelva, Favorite: ,Recreativo Huelva, 7449173   size:2.72,Price: ,2.72,Betis B, 2522844   size:2.7,Price: ,3.05,The Draw, 58805   size:20.85,Price: ,3.1
1.121325592, Sport: ,Soccer, Time: ,Sun Oct 18 12:00:00 CEST 2015, Time: ,Sun Oct 18 12:00:00 CEST 2015, Event: ,Internacional de Madrid v Club Atletico de Pinto, Favorite: ,Club Atletico de Pinto, 7636389   size:134.67,Price: ,1.06,Internacional de Madrid, 9376529   size:4.99,Price: ,1.08,The Draw, 58805   size:4.99,Price: ,3.1
1.121318087, Sport: ,Soccer, Time: ,Sun Oct 18 12:00:00 CEST 2015, Time: ,Sun Oct 18 12:00:00 CEST 2015, Event: ,Rakow Czestochowa v Energetyk ROW, Favorite: ,Rakow Czestochowa, 5876552   size:12.66,Price: ,1.88,Energetyk ROW, 7444778   size:2.48,Price: ,3.8,The Draw, 58805   size:2.91,Price: ,3.2
1.121224918, Sport: ,Soccer, Time: ,Sun Oct 18 12:00:00 CEST 2015, Time: ,Sun Oct 18 12:00:00 CEST 2015, Event: ,Melilla v Cadiz, Favorite: ,Cadiz, 516259   size:4.63,Price: ,2.6,Melilla, 2250364   size:47.89,Price: ,3.25,The Draw, 58805   size:24.33,Price: ,3.0
1.121224827, Sport: ,Soccer, Time: ,Sun Oct 18 12:00:00 CEST 2015, Time: ,Sun Oct 18 12:00:00 CEST 2015, Event: ,Fuenlabrada v La Roda, Favorite: ,Fuenlabrada, 2250336   size:3.63,Price: ,1.6,La Roda, 4923750   size:4.99,Price: ,6.6,The Draw, 58805   size:15.24,Price: ,4.1
1.121324864, Sport: ,Soccer, Time: ,Sun Oct 18 12:00:00 CEST 2015, Time: ,Sun Oct 18 12:00:00 CEST 2015, Event: ,CF Gava v CE Jupiter, Favorite: ,CE Jupiter, 6797331   size:134.67,Price: ,1.06,CF Gava, 6581259   size:4.99,Price: ,1.08,The Draw, 58805   size:4.99,Price: ,3.1
1.121224825, Sport: ,Soccer, Time: ,Sun Oct 18 12:00:00 CEST 2015, Time: ,Sun Oct 18 12:00:00 CEST 2015, Event: ,CD Mensajero v Amorebieta, Favorite: ,Amorebieta, 5756673   size:2.55,Price: ,2.62,CD Mensajero, 8532028   size:3.48,Price: ,2.82,The Draw, 58805   size:4.11,Price: ,3.15
1.121224900, Sport: ,Soccer, Time: ,Sun Oct 18 12:00:00 CEST 2015, Time: ,Sun Oct 18 12:00:00 CEST 2015, Event: ,Hercules v Atletico Baleares, Favorite: ,Hercules, 248015   size:3.08,Price: ,2.0,Atletico Baleares, 3303611   size:30.21,Price: ,4.3,The Draw, 58805   size:36.67,Price: ,3.3
1.121326383, Sport: ,Soccer, Time: ,Sun Oct 18 12:00:00 CEST 2015, Time: ,Sun Oct 18 12:00:00 CEST 2015, Event: ,CF Pozuelo de Alarcon v CD Puerta Bonita, Favorite: ,CF Pozuelo de Alarcon, 9301050   size:134.67,Price: ,1.06,CD Puerta Bonita, 9339205   size:134.67,Price: ,1.06,The Draw, 58805   size:4.99,Price: ,3.1
1.121322812, Sport: ,Soccer, Time: ,Sun Oct 18 12:00:00 CEST 2015, Time: ,Sun Oct 18 12:00:00 CEST 2015, Event: ,Sp Plaza del Argel (W) v UD Aldaia CF (W), Favorite: ,Sp Plaza del Argel (W), 9492958   size:134.67,Price: ,1.06,UD Aldaia CF (W), 10428939   size:134.67,Price: ,1.06,The Draw, 58805   size:2.72,Price: ,3.05
1.121163641, Sport: ,Soccer, Time: ,Sun Oct 18 12:00:00 CEST 2015, Time: ,Sun Oct 18 12:00:00 CEST 2015, Event: ,Holstein Kiel U19 v Viktoria Berlin U19, Favorite: ,Holstein Kiel U19, 6685911   size:4.99,Price: ,1.43,Viktoria Berlin U19, 10186673   size:4.99,Price: ,1.56,The Draw, 58805   size:4.99,Price: ,3.1
1.121322382, Sport: ,Soccer, Time: ,Sun Oct 18 12:00:00 CEST 2015, Time: ,Sun Oct 18 12:00:00 CEST 2015, Event: ,Valencia CF II (W) v CFF Albacete (W), Favorite: ,Valencia CF II (W), 10428924   size:134.67,Price: ,1.06,CFF Albacete (W), 10403077   size:134.67,Price: ,1.06,The Draw, 58805   size:2.72,Price: ,3.05
1.121324754, Sport: ,Soccer, Time: ,Sun Oct 18 12:00:00 CEST 2015, Time: ,Sun Oct 18 12:00:00 CEST 2015, Event: ,CD Vitoria v CD Betono Elgorriaga, Favorite: ,CD Betono Elgorriaga, 10238362   size:134.67,Price: ,1.06,CD Vitoria, 6044983   size:4.99,Price: ,1.08,The Draw, 58805   size:4.99,Price: ,3.1
1.121224815, Sport: ,Soccer, Time: ,Sun Oct 18 12:00:00 CEST 2015, Time: ,Sun Oct 18 12:00:00 CEST 2015, Event: ,Sporting Gijon B v Arandina CF, Favorite: ,Sporting Gijon B, 7602485   size:2.56,Price: ,1.95,Arandina CF, 9320411   size:66.65,Price: ,4.4,The Draw, 58805   size:41.39,Price: ,3.3
1.121224859, Sport: ,Soccer, Time: ,Sun Oct 18 12:00:00 CEST 2015, Time: ,Sun Oct 18 12:00:00 CEST 2015, Event: ,Getafe B v CD Ebro, Favorite: ,Getafe B, 4943234   size:28.97,Price: ,2.16,CD Ebro, 8041211   size:2.55,Price: ,3.6,The Draw, 58805   size:6.92,Price: ,3.45
1.121325317, Sport: ,Soccer, Time: ,Sun Oct 18 12:00:00 CEST 2015, Time: ,Sun Oct 18 12:00:00 CEST 2015, Event: ,Deportivo La Coruna II v Bergantinos CF, Favorite: ,Bergantinos CF, 6884141   size:134.67,Price: ,1.06,Deportivo La Coruna II, 9301052   size:4.99,Price: ,1.08,The Draw, 58805   size:4.99,Price: ,3.1
1.121224813, Sport: ,Soccer, Time: ,Sun Oct 18 12:00:00 CEST 2015, Time: ,Sun Oct 18 12:00:00 CEST 2015, Event: ,Cacereno v Tudelano, Favorite: ,Cacereno, 4144561   size:10.74,Price: ,2.08,Tudelano, 4923754   size:2.72,Price: ,3.95,The Draw, 58805   size:3.94,Price: ,3.35
1.121324593, Sport: ,Soccer, Time: ,Sun Oct 18 12:00:00 CEST 2015, Time: ,Sun Oct 18 12:00:00 CEST 2015, Event: ,CD Guadalcacin v Lebrijana, Favorite: ,CD Guadalcacin, 8826856   size:4.99,Price: ,1.34,Lebrijana, 9315717   size:4.99,Price: ,2.04,The Draw, 58805   size:4.99,Price: ,3.1
1.121224855, Sport: ,Soccer, Time: ,Sun Oct 18 12:15:00 CEST 2015, Time: ,Sun Oct 18 12:15:00 CEST 2015, Event: ,CD Guadalajara v Talavera CF, Favorite: ,CD Guadalajara, 2522816   size:2.82,Price: ,1.77,Talavera CF, 7309192   size:36.51,Price: ,4.8,The Draw, 58805   size:6.63,Price: ,3.55
1.121325537, Sport: ,Soccer, Time: ,Sun Oct 18 12:15:00 CEST 2015, Time: ,Sun Oct 18 12:15:00 CEST 2015, Event: ,FC Vilafranca v EC Granollers, Favorite: ,EC Granollers, 10243276   size:134.67,Price: ,1.06,FC Vilafranca, 9339209   size:4.99,Price: ,1.08,The Draw, 58805   size:4.99,Price: ,3.1
1.121224861, Sport: ,Soccer, Time: ,Sun Oct 18 12:15:00 CEST 2015, Time: ,Sun Oct 18 12:15:00 CEST 2015, Event: ,Socuellamos v CF Rayo Majadahonda, Favorite: ,Socuellamos, 8792387   size:86.11,Price: ,1.68,CF Rayo Majadahonda, 6929273   size:16.54,Price: ,5.5,The Draw, 58805   size:2.55,Price: ,3.9
1.121339743, Sport: ,Tennis, Time: ,Sun Oct 18 12:30:00 CEST 2015, Time: ,Sun Oct 18 12:30:00 CEST 2015, Event: ,Lukas v Hogenkamp, Favorite: ,Richel Hogenkamp, 6440521   size:10.23,Price: ,1.37,Tena Lukas, 7795591   size:12.54,Price: ,3.45
1.121271338, Sport: ,Basketball, Time: ,Sun Oct 18 09:00:00 CEST 2015, Time: ,Sun Oct 18 09:00:00 CEST 2015, Event: ,Jeonju KCC Egis v Anyang KGC Pro, Favorite: ,Anyang KGC Pro, 10276570   size:126.69,Price: ,1.02,Jeonju KCC Egis, 8148243   size:91.76,Price: ,1.25
1.121227751, Sport: ,Soccer, Time: ,Sun Oct 18 09:00:00 CEST 2015, Time: ,Sun Oct 18 09:00:00 CEST 2015, Event: ,Seongnam Ilhwa v FC Seoul, Favorite: ,Seongnam Ilhwa, 1184529   size:53.8,Price: ,1.61,FC Seoul, 2479786   size:16.32,Price: ,8.0,The Draw, 58805   size:245.71,Price: ,3.75
1.121165798, Sport: ,Soccer, Time: ,Sun Oct 18 09:00:00 CEST 2015, Time: ,Sun Oct 18 09:00:00 CEST 2015, Event: ,Kamatamare Sanuki v Kumamoto, Favorite: ,Kumamoto, 5021204   size:21.76,Price: ,1.34,Kamatamare Sanuki, 4233864   size:2.72,Price: ,16.0,The Draw, 58805   size:123.9,Price: ,5.1
1.121330163, Sport: ,Tennis, Time: ,Sun Oct 18 09:07:00 CEST 2015, Time: ,Sun Oct 18 09:07:00 CEST 2015, Event: ,Vasilenko v Krstin, Favorite: ,Pedja Krstin, 8257862   size:26.43,Price: ,1.34,Alexander Vasilenko, 7658528   size:46.11,Price: ,2.92
1.121332528, Sport: ,Tennis, Time: ,Sun Oct 18 09:37:00 CEST 2015, Time: ,Sun Oct 18 09:37:00 CEST 2015, Event: ,Soler-Espinosa v Dodin, Favorite: ,Oceane Dodin, 7289631   size:582.83,Price: ,1.42,Sílvia Soler-Espinosa, 8764811   size:40.81,Price: ,3.1
1.121329725, Sport: ,Tennis, Time: ,Sun Oct 18 09:42:00 CEST 2015, Time: ,Sun Oct 18 09:42:00 CEST 2015, Event: ,Chrysochos v C Sood, Favorite: ,Petros Chrysochos, 9630009   size:14.4,Price: ,1.1,Chandril Sood, 8907260   size:18.5,Price: ,5.0
1.121319212, Sport: ,Soccer, Time: ,Sun Oct 18 10:00:00 CEST 2015, Time: ,Sun Oct 18 10:00:00 CEST 2015, Event: ,FC Veria U20 v Atromitos Athens U20, Favorite: ,Atromitos Athens U20, 6320780   size:8.33,Price: ,1.64,FC Veria U20, 9212607   size:5.63,Price: ,4.7,The Draw, 58805   size:7.24,Price: ,2.92
1.121319146, Sport: ,Soccer, Time: ,Sun Oct 18 10:00:00 CEST 2015, Time: ,Sun Oct 18 10:00:00 CEST 2015, Event: ,Panionios U20 v AEL Kallonis U20, Favorite: ,Panionios U20, 5236623   size:4.31,Price: ,1.26,AEL Kallonis U20, 9220044   size:3.0,Price: ,5.5,The Draw, 58805   size:8.99,Price: ,2.72
1.121187902, Sport: ,Cricket, Time: ,Sun Oct 18 10:00:00 CEST 2015, Time: ,Sun Oct 18 10:00:00 CEST 2015, Event: ,Lions v Titans, Favorite: ,Lions, 4294272   size:11.19,Price: ,1.89,Titans, 1254317   size:11.13,Price: ,1.9
1.121187899, Sport: ,Cricket, Time: ,Sun Oct 18 10:00:00 CEST 2015, Time: ,Sun Oct 18 10:00:00 CEST 2015, Event: ,Cape Cobras v Knights, Favorite: ,Cape Cobras, 3809606   size:2.72,Price: ,1.55,Knights, 5045297   size:4.92,Price: ,2.8
1.121319267, Sport: ,Soccer, Time: ,Sun Oct 18 10:00:00 CEST 2015, Time: ,Sun Oct 18 10:00:00 CEST 2015, Event: ,Panathinaikos U20 v Giannina U20, Favorite: ,Panathinaikos U20, 5247888   size:4.42,Price: ,1.23,Giannina U20, 7227009   size:3.0,Price: ,6.0,The Draw, 58805   size:8.97,Price: ,2.74
1.121163253, Sport: ,Soccer, Time: ,Sun Oct 18 10:15:00 CEST 2015, Time: ,Sun Oct 18 10:15:00 CEST 2015, Event: ,Sigma Olomouc B v MFK Karvina, Favorite: ,MFK Karvina, 3358864   size:18.15,Price: ,2.08,Sigma Olomouc B, 10079892   size:2.74,Price: ,3.15,The Draw, 58805   size:4.21,Price: ,3.7
1.121314633, Sport: ,Soccer, Time: ,Sun Oct 18 10:30:00 CEST 2015, Time: ,Sun Oct 18 10:30:00 CEST 2015, Event: ,Bohemians P Stri (W) v Sparta Prague (W), Favorite: ,Sparta Prague (W), 5847673   size:24.35,Price: ,1.08,Bohemians P Stri (W), 7639727   size:19.03,Price: ,5.6,The Draw, 58805   size:3.03,Price: ,6.0
1.121318523, Sport: ,Soccer, Time: ,Sun Oct 18 11:00:00 CEST 2015, Time: ,Sun Oct 18 11:00:00 CEST 2015, Event: ,Arka Gdynia 1929 U19 v KS Ruch Chorzow U19, Favorite: ,Arka Gdynia 1929 U19, 6486118   size:10.57,Price: ,1.22,KS Ruch Chorzow U19, 7619069   size:10.57,Price: ,1.22,The Draw, 58805   size:4.99,Price: ,3.15
1.121314045, Sport: ,Tennis, Time: ,Sun Oct 18 11:00:00 CEST 2015, Time: ,Sun Oct 18 11:00:00 CEST 2015, Event: ,Melnikova v Savchuk, Favorite: ,Olga Savchuk, 2263617   size:6.99,Price: ,1.39,Marina Melnikova, 6390238   size:11.38,Price: ,2.94
1.121313757, Sport: ,Soccer, Time: ,Sun Oct 18 11:00:00 CEST 2015, Time: ,Sun Oct 18 11:00:00 CEST 2015, Event: ,FK Vysocina Jihlava U21 v Bohemians 1905 U21, Favorite: ,FK Vysocina Jihlava U21, 10160489   size:4.69,Price: ,1.63,Bohemians 1905 U21, 6563639   size:4.06,Price: ,4.6,The Draw, 58805   size:3.7,Price: ,4.2
1.121313683, Sport: ,Soccer, Time: ,Sun Oct 18 11:00:00 CEST 2015, Time: ,Sun Oct 18 11:00:00 CEST 2015, Event: ,FK Mlada Boleslav U21 v FC Slovan Liberec U21, Favorite: ,FK Mlada Boleslav U21, 6550996   size:24.56,Price: ,1.68,FC Slovan Liberec U21, 6563663   size:12.48,Price: ,3.55,The Draw, 58805   size:22.51,Price: ,3.5
1.121243659, Sport: ,Basketball, Time: ,Sun Oct 18 11:00:00 CEST 2015, Time: ,Sun Oct 18 11:00:00 CEST 2015, Event: ,Rain or Shine v Purefoods Hotshots, Favorite: ,Rain Or Shine, 3880438   size:5.72,Price: ,1.68,Purefoods Hotshots, 9581251   size:5.72,Price: ,2.1
1.121334207, Sport: ,Tennis, Time: ,Sun Oct 18 11:00:00 CEST 2015, Time: ,Sun Oct 18 11:00:00 CEST 2015, Event: ,Bertens v Cepelova, Favorite: ,Kiki Bertens, 5611697   size:52.68,Price: ,1.41,Jana Cepelova, 5303559   size:41.22,Price: ,2.7
1.121322674, Sport: ,Soccer, Time: ,Sun Oct 18 11:00:00 CEST 2015, Time: ,Sun Oct 18 11:00:00 CEST 2015, Event: ,FK AS Trencin U19 v FC VSS Kosice U19, Favorite: ,FK AS Trencin U19, 6789553   size:10.57,Price: ,1.22,FC VSS Kosice U19, 10123630   size:10.57,Price: ,1.22,The Draw, 58805   size:10.57,Price: ,3.1
1.121314071, Sport: ,Tennis, Time: ,Sun Oct 18 11:00:00 CEST 2015, Time: ,Sun Oct 18 11:00:00 CEST 2015, Event: ,Abduraimova v Irigoyen, Favorite: ,Nigina Abduraimova, 3378313   size:184.58,Price: ,1.37,MarÍa Irigoyen, 9125013   size:11.89,Price: ,3.35
1.121334560, Sport: ,Tennis, Time: ,Sun Oct 18 11:00:00 CEST 2015, Time: ,Sun Oct 18 11:00:00 CEST 2015, Event: ,Coin v Ma Johansson, Favorite: ,Mathilde Johansson, 2250865   size:7.22,Price: ,1.75,Julie Coin, 3289144   size:3.99,Price: ,2.16
1.121330152, Sport: ,Tennis, Time: ,Sun Oct 18 11:00:00 CEST 2015, Time: ,Sun Oct 18 11:00:00 CEST 2015, Event: ,Mi Sekulic v Zapata Miralles, Favorite: ,Bernabe Zapata Miralles, 9630472   size:58.34,Price: ,1.96,Milos Sekulic, 7412710   size:2.23,Price: ,1.99
1.121334495, Sport: ,Tennis, Time: ,Sun Oct 18 11:15:00 CEST 2015, Time: ,Sun Oct 18 11:15:00 CEST 2015, Event: ,Myneni/Singh v Lamasine/Langer, Favorite: ,Myneni/Singh, 8274250   size:99.46,Price: ,1.69,Lamasine/Langer, 10407913   size:2.36,Price: ,2.12
1.121325812, Sport: ,Soccer, Time: ,Sun Oct 18 12:00:00 CEST 2015, Time: ,Sun Oct 18 12:00:00 CEST 2015, Event: ,Paterna CF v Club Atletico Saguntino, Favorite: ,Paterna CF, 7906132   size:134.67,Price: ,1.06,Club Atletico Saguntino, 7906133   size:134.67,Price: ,1.06,The Draw, 58805   size:2.72,Price: ,3.05
1.121237530, Sport: ,Basketball, Time: ,Sun Oct 18 12:00:00 CEST 2015, Time: ,Sun Oct 18 12:00:00 CEST 2015, Event: ,Astana v UNICS Kazan, Favorite: ,Unics Kazan, 5134712   size:457.13,Price: ,1.23,Astana, 5877769   size:20.34,Price: ,4.5
1.121322548, Sport: ,Soccer, Time: ,Sun Oct 18 12:00:00 CEST 2015, Time: ,Sun Oct 18 12:00:00 CEST 2015, Event: ,Lorca AD (W) v Mislata CF (W), Favorite: ,Lorca AD (W), 8278762   size:134.67,Price: ,1.06,Mislata CF (W), 6596763   size:134.67,Price: ,1.06,The Draw, 58805   size:2.72,Price: ,3.05
1.121314908, Sport: ,Soccer, Time: ,Sun Oct 18 12:00:00 CEST 2015, Time: ,Sun Oct 18 12:00:00 CEST 2015, Event: ,Alashkert v Banants, Favorite: ,Alashkert, 9686394   size:6.71,Price: ,1.53,Banants, 489144   size:4.85,Price: ,4.8,The Draw, 58805   size:6.7,Price: ,3.6
1.121326197, Sport: ,Soccer, Time: ,Sun Oct 18 12:00:00 CEST 2015, Time: ,Sun Oct 18 12:00:00 CEST 2015, Event: ,UE Sant Andreu v CF Peralada, Favorite: ,UE Sant Andreu, 10381924   size:134.67,Price: ,1.06,CF Peralada, 8832969   size:134.67,Price: ,1.06,The Draw, 58805   size:2.72,Price: ,3.05
1.121159115, Sport: ,Soccer, Time: ,Sun Oct 18 12:00:00 CEST 2015, Time: ,Sun Oct 18 12:00:00 CEST 2015, Event: ,Almeria v Elche, Favorite: ,Almeria, 248020   size:12.02,Price: ,2.2,Elche, 309111   size:17.48,Price: ,3.8,The Draw, 58805   size:108.44,Price: ,3.4
1.121271335, Sport: ,Basketball, Time: ,Sun Oct 18 12:00:00 CEST 2015, Time: ,Sun Oct 18 12:00:00 CEST 2015, Event: ,Dongbu Promy v Changwon Sakers, Favorite: ,Dongbu Promy, 5154590   size:81.0,Price: ,1.62,Changwon Sakers, 10276571   size:38.0,Price: ,2.32
1.121325702, Sport: ,Soccer, Time: ,Sun Oct 18 12:00:00 CEST 2015, Time: ,Sun Oct 18 12:00:00 CEST 2015, Event: ,Mallorca B v CE Campos, Favorite: ,Mallorca B, 4144563   size:134.67,Price: ,1.06,CE Campos, 6883541   size:134.67,Price: ,1.06,The Draw, 58805   size:2.72,Price: ,3.05
1.121326087, Sport: ,Soccer, Time: ,Sun Oct 18 12:00:00 CEST 2015, Time: ,Sun Oct 18 12:00:00 CEST 2015, Event: ,UD Rotlet Molinar v SD Formentera, Favorite: ,UD Rotlet Molinar, 8212936   size:134.67,Price: ,1.06,SD Formentera, 7698054   size:134.67,Price: ,1.06,The Draw, 58805   size:2.72,Price: ,3.05
1.121242176, Sport: ,Basketball, Time: ,Sun Oct 18 12:15:00 CEST 2015, Time: ,Sun Oct 18 12:15:00 CEST 2015, Event: ,Zaragoza v Murcia, Favorite: ,Zaragoza, 3368428   size:5.72,Price: ,1.43,Murcia, 2111197   size:9.04,Price: ,3.25
1.121158538, Sport: ,Soccer, Time: ,Sun Oct 18 12:30:00 CEST 2015, Time: ,Sun Oct 18 12:30:00 CEST 2015, Event: ,Spartak Moscow v Lokomotiv, Favorite: ,Spartak Moscow, 5517   size:93.69,Price: ,2.48,Lokomotiv, 214365   size:252.36,Price: ,3.15,The Draw, 58805   size:576.48,Price: ,3.4
1.121335821, Sport: ,Tennis, Time: ,Sun Oct 18 12:30:00 CEST 2015, Time: ,Sun Oct 18 12:30:00 CEST 2015, Event: ,Vikhlyantseva v G Dabrowski, Favorite: ,Natalia Vikhlyantseva, 9042370   size:50.5,Price: ,1.46,Gabriela Dabrowski, 5707430   size:8.19,Price: ,2.56
1.121334330, Sport: ,Tennis, Time: ,Sun Oct 18 12:30:00 CEST 2015, Time: ,Sun Oct 18 12:30:00 CEST 2015, Event: ,Lajovic v Tursunov, Favorite: ,Dusan Lajovic, 4688724   size:68.02,Price: ,1.36,Dmitry Tursunov, 2256471   size:19.81,Price: ,2.96
1.121332496, Sport: ,Tennis, Time: ,Sun Oct 18 12:30:00 CEST 2015, Time: ,Sun Oct 18 12:30:00 CEST 2015, Event: ,P Davydenko v Kamke, Favorite: ,Tobias Kamke, 2581407   size:5.72,Price: ,1.14,Philipp Davydenko, 7429697   size:26.16,Price: ,6.2
1.121080568, Sport: ,Soccer, Time: ,Sun Oct 18 12:30:00 CEST 2015, Time: ,Sun Oct 18 12:30:00 CEST 2015, Event: ,Bologna v Palermo, Favorite: ,Bologna, 199545   size:561.59,Price: ,2.78,Palermo, 60307   size:85.46,Price: ,2.9,The Draw, 58805   size:4652.64,Price: ,3.3
1.121170830, Sport: ,Soccer, Time: ,Sun Oct 18 12:30:00 CEST 2015, Time: ,Sun Oct 18 12:30:00 CEST 2015, Event: ,Twente v NEC Nijmegen, Favorite: ,Twente, 48446   size:5.0,Price: ,2.0,NEC Nijmegen, 48456   size:94.89,Price: ,3.9,The Draw, 58805   size:138.74,Price: ,3.9
1.121335928, Sport: ,Tennis, Time: ,Sun Oct 18 12:30:00 CEST 2015, Time: ,Sun Oct 18 12:30:00 CEST 2015, Event: ,Siegemund v Maleckova, Favorite: ,Laura Siegemund, 4829328   size:14.55,Price: ,1.14,Jesika Maleckova, 9150595   size:28.33,Price: ,5.8
1.121335918, Sport: ,Tennis, Time: ,Sun Oct 18 12:30:00 CEST 2015, Time: ,Sun Oct 18 12:30:00 CEST 2015, Event: ,Vatutin v Riba, Favorite: ,Pere Riba, 2489421   size:45.46,Price: ,1.88,Alexey Vatutin, 7797764   size:2.53,Price: ,1.97
1.121145612, Sport: ,Handball, Time: ,Sun Oct 18 12:30:00 CEST 2015, Time: ,Sun Oct 18 12:30:00 CEST 2015, Event: ,Helvetia Anaitasuna v Go Fit, Favorite: ,Helvetia Anaitasuna, 5798699   size:3.33,Price: ,1.34,Go Fit, 10194536   size:6.61,Price: ,1.44,Draw, 330157   size:15.53,Price: ,10.0
1.121331038, Sport: ,Tennis, Time: ,Sun Oct 18 09:00:00 CEST 2015, Time: ,Sun Oct 18 09:00:00 CEST 2015, Event: ,T Ito v Muzaev, Favorite: ,Tatsuma Ito, 3374118   size:231.54,Price: ,1.54,Richard Muzaev, 6751871   size:58.49,Price: ,2.78
1.121329771, Sport: ,Tennis, Time: ,Sun Oct 18 09:05:00 CEST 2015, Time: ,Sun Oct 18 09:05:00 CEST 2015, Event: ,Ostapenko v Sevastova, Favorite: ,Anastasija Sevastova, 2422070   size:219.26,Price: ,1.76,Jelena Ostapenko, 8827537   size:125.56,Price: ,2.04
1.121057690, Sport: ,Cricket, Time: ,Sun Oct 18 09:30:00 CEST 2015, Time: ,Sun Oct 18 09:30:00 CEST 2015, Event: ,Zimbabwe v Afghanistan (2nd ODI), Favorite: ,Zimbabwe, 1006   size:167.87,Price: ,1.45,Afghanistan, 3786094   size:8.36,Price: ,1.6
1.121331034, Sport: ,Tennis, Time: ,Sun Oct 18 09:37:00 CEST 2015, Time: ,Sun Oct 18 09:37:00 CEST 2015, Event: ,Martincova v Chirico, Favorite: ,Louisa Chirico, 7168233   size:349.5,Price: ,1.3,Tereza Martincova, 7335514   size:89.24,Price: ,3.25
1.121330899, Sport: ,Tennis, Time: ,Sun Oct 18 10:00:00 CEST 2015, Time: ,Sun Oct 18 10:00:00 CEST 2015, Event: ,R Barbosa v Marsalek, Favorite: ,Romain Barbosa, 8490661   size:7.04,Price: ,1.63,James Marsalek, 8326210   size:6.8,Price: ,2.1
1.121331047, Sport: ,Tennis, Time: ,Sun Oct 18 10:00:00 CEST 2015, Time: ,Sun Oct 18 10:00:00 CEST 2015, Event: ,J Jankovic v Kerber, Favorite: ,Angelique Kerber, 2411840   size:4135.36,Price: ,1.41,Jelena Jankovic, 2252607   size:17.08,Price: ,3.4
1.121164694, Sport: ,Soccer, Time: ,Sun Oct 18 10:30:00 CEST 2015, Time: ,Sun Oct 18 10:30:00 CEST 2015, Event: ,SK Slovan Bratislava II v Dunajska Luzna, Favorite: ,SK Slovan Bratislava II, 8746424   size:6.87,Price: ,2.1,Dunajska Luzna, 7670427   size:8.67,Price: ,3.15,The Draw, 58805   size:6.6,Price: ,3.6
1.121326607, Sport: ,Soccer, Time: ,Sun Oct 18 11:00:00 CEST 2015, Time: ,Sun Oct 18 11:00:00 CEST 2015, Event: ,Inter U19 II v Pro Patria U19, Favorite: ,Inter U19 II, 9067209   size:10.57,Price: ,1.22,Pro Patria U19, 9355635   size:10.57,Price: ,1.22,The Draw, 58805   size:4.99,Price: ,3.15
1.121332646, Sport: ,Tennis, Time: ,Sun Oct 18 11:00:00 CEST 2015, Time: ,Sun Oct 18 11:00:00 CEST 2015, Event: ,Huta Galung v A Pavic, Favorite: ,Jesse Huta Galung, 2302797   size:129.76,Price: ,1.56,Ante Pavic, 5224080   size:47.85,Price: ,2.44
1.121326773, Sport: ,Soccer, Time: ,Sun Oct 18 11:00:00 CEST 2015, Time: ,Sun Oct 18 11:00:00 CEST 2015, Event: ,FK H-Z Uzh. U19 v FK Skala Stryi U19, Favorite: ,FK H-Z Uzh. U19, 6579711   size:10.57,Price: ,1.22,FK Skala Stryi U19, 8784722   size:10.57,Price: ,1.22,The Draw, 58805   size:4.99,Price: ,3.15
1.121319817, Sport: ,Soccer, Time: ,Sun Oct 18 11:00:00 CEST 2015, Time: ,Sun Oct 18 11:00:00 CEST 2015, Event: ,Collerense (W) v UDG Tenerife Sur (W), Favorite: ,UDG Tenerife Sur (W), 9488105   size:23.2,Price: ,1.68,Collerense (W), 5878667   size:2.32,Price: ,4.2,The Draw, 58805   size:7.69,Price: ,3.8
1.121326662, Sport: ,Soccer, Time: ,Sun Oct 18 11:00:00 CEST 2015, Time: ,Sun Oct 18 11:00:00 CEST 2015, Event: ,FC Olimpik Donetsk U19 v FC Zorya Luhansk U19, Favorite: ,FC Zorya Luhansk U19, 6533227   size:10.57,Price: ,1.22,FC Olimpik Donetsk U19, 8801000   size:10.57,Price: ,1.36,The Draw, 58805   size:4.99,Price: ,3.15
1.121331066, Sport: ,Tennis, Time: ,Sun Oct 18 11:00:00 CEST 2015, Time: ,Sun Oct 18 11:00:00 CEST 2015, Event: ,Krajinovic v Soderlund, Favorite: ,Filip Krajinovic, 3509265   size:417.02,Price: ,1.02,Carl Soderlund, 8679743   size:9.1,Price: ,14.5
1.121323965, Sport: ,Soccer, Time: ,Sun Oct 18 11:30:00 CEST 2015, Time: ,Sun Oct 18 11:30:00 CEST 2015, Event: ,AD Alcorcon II v AD Union Adarve, Favorite: ,AD Alcorcon II, 6929275   size:10.57,Price: ,1.22,AD Union Adarve, 9359768   size:10.57,Price: ,1.22,The Draw, 58805   size:4.99,Price: ,3.1
1.121320158, Sport: ,Soccer, Time: ,Sun Oct 18 11:30:00 CEST 2015, Time: ,Sun Oct 18 11:30:00 CEST 2015, Event: ,Hong Kong Rangers v Dreams Metro Gallery, Favorite: ,Dreams Metro Gallery, 10263390   size:2.82,Price: ,1.78,Hong Kong Rangers, 9445585   size:2.55,Price: ,2.42,The Draw, 58805   size:2.55,Price: ,3.75
1.121319762, Sport: ,Soccer, Time: ,Sun Oct 18 11:30:00 CEST 2015, Time: ,Sun Oct 18 11:30:00 CEST 2015, Event: ,Real Sociedad (W) v Oiartzun KE (W), Favorite: ,Real Sociedad (W), 6794562   size:2.55,Price: ,1.47,Oiartzun KE (W), 9492955   size:43.21,Price: ,4.2,The Draw, 58805   size:4.17,Price: ,3.8
1.121324024, Sport: ,Soccer, Time: ,Sun Oct 18 11:30:00 CEST 2015, Time: ,Sun Oct 18 11:30:00 CEST 2015, Event: ,AD Parla v CDE Lugo Fuenlabrada, Favorite: ,AD Parla, 6344054   size:4.99,Price: ,1.23,CDE Lugo Fuenlabrada, 10243045   size:4.99,Price: ,2.24,The Draw, 58805   size:4.99,Price: ,3.1
1.121324080, Sport: ,Soccer, Time: ,Sun Oct 18 12:00:00 CEST 2015, Time: ,Sun Oct 18 12:00:00 CEST 2015, Event: ,Albacete Balompie II v Villarrubia CF, Favorite: ,Villarrubia CF, 6865878   size:4.99,Price: ,1.37,Albacete Balompie II, 8041135   size:4.99,Price: ,2.02,The Draw, 58805   size:4.99,Price: ,3.15
1.121319928, Sport: ,Soccer, Time: ,Sun Oct 18 12:00:00 CEST 2015, Time: ,Sun Oct 18 12:00:00 CEST 2015, Event: ,Prainsa Zaragoza (W) v Valencia (W), Favorite: ,Valencia (W), 5226526   size:12.84,Price: ,1.76,Prainsa Zaragoza (W), 5300690   size:9.99,Price: ,2.38,The Draw, 58805   size:4.33,Price: ,3.05
1.121319993, Sport: ,Soccer, Time: ,Sun Oct 18 12:00:00 CEST 2015, Time: ,Sun Oct 18 12:00:00 CEST 2015, Event: ,Rayo Vallecano (W) v Barcelona (W), Favorite: ,Barcelona (W), 5226501   size:19.57,Price: ,1.24,Rayo Vallecano (W), 5878665   size:47.05,Price: ,6.4,The Draw, 58805   size:39.48,Price: ,4.9
1.121323834, Sport: ,Soccer, Time: ,Sun Oct 18 12:00:00 CEST 2015, Time: ,Sun Oct 18 12:00:00 CEST 2015, Event: ,AFC Leopards SC (Kenya) v Mathare United FC, Favorite: ,AFC Leopards SC (Kenya), 9564496   size:10.57,Price: ,1.22,Mathare United FC, 9670771   size:10.57,Price: ,1.22,The Draw, 58805   size:2.72,Price: ,3.05
1.121326828, Sport: ,Soccer, Time: ,Sun Oct 18 12:00:00 CEST 2015, Time: ,Sun Oct 18 12:00:00 CEST 2015, Event: ,Metalurg Zaporizhya U19 v Illichivets U19, Favorite: ,Metalurg Zaporizhya U19, 6534953   size:134.67,Price: ,1.06,Illichivets U19, 6615339   size:134.67,Price: ,1.06,The Draw, 58805   size:2.72,Price: ,3.05
1.121319652, Sport: ,Soccer, Time: ,Sun Oct 18 12:00:00 CEST 2015, Time: ,Sun Oct 18 12:00:00 CEST 2015, Event: ,FC Zhetysu v Shakhter Karagandy, Favorite: ,FC Zhetysu, 3123856   size:2.45,Price: ,1.76,Shakhter Karagandy, 7420782   size:4.93,Price: ,2.82,The Draw, 58805   size:5.22,Price: ,3.05
1.121324301, Sport: ,Soccer, Time: ,Sun Oct 18 12:00:00 CEST 2015, Time: ,Sun Oct 18 12:00:00 CEST 2015, Event: ,Castilleja CF v Conil, Favorite: ,Conil, 9315718   size:134.67,Price: ,1.06,Castilleja CF, 10185293   size:4.99,Price: ,1.08,The Draw, 58805   size:4.99,Price: ,3.1
1.121224877, Sport: ,Soccer, Time: ,Sun Oct 18 12:00:00 CEST 2015, Time: ,Sun Oct 18 12:00:00 CEST 2015, Event: ,CD Llosetense v Cornella, Favorite: ,Cornella, 8792394   size:1361.0,Price: ,2.2,CD Llosetense, 6399743   size:2.77,Price: ,3.7,The Draw, 58805   size:15.11,Price: ,3.25
1.121224887, Sport: ,Soccer, Time: ,Sun Oct 18 12:00:00 CEST 2015, Time: ,Sun Oct 18 12:00:00 CEST 2015, Event: ,Pobla de Mafumet CF v Olimpic Xativa, Favorite: ,Pobla de Mafumet CF, 9359728   size:27.42,Price: ,2.24,Olimpic Xativa, 5213879   size:13.33,Price: ,3.55,The Draw, 58805   size:2.55,Price: ,3.2
1.121224890, Sport: ,Soccer, Time: ,Sun Oct 18 12:00:00 CEST 2015, Time: ,Sun Oct 18 12:00:00 CEST 2015, Event: ,LHospitalet v Huracan CF, Favorite: ,LHospitalet, 4923755   size:24.29,Price: ,2.4,Huracan CF, 5759749   size:17.16,Price: ,3.15,The Draw, 58805   size:17.21,Price: ,3.15
1.121271347, Sport: ,Basketball, Time: ,Sun Oct 18 12:00:00 CEST 2015, Time: ,Sun Oct 18 12:00:00 CEST 2015, Event: ,Oita v Kyoto, Favorite: ,Kyoto, 6718536   size:333.0,Price: ,1.15,Oita, 6736967   size:17.0,Price: ,6.2
1.121271348, Sport: ,Basketball, Time: ,Sun Oct 18 12:00:00 CEST 2015, Time: ,Sun Oct 18 12:00:00 CEST 2015, Event: ,Okinawa v Nara, Favorite: ,Okinawa, 6718537   size:41.88,Price: ,1.01,Nara, 7759193   size:5.59,Price: ,1.02
1.121319872, Sport: ,Soccer, Time: ,Sun Oct 18 12:15:00 CEST 2015, Time: ,Sun Oct 18 12:15:00 CEST 2015, Event: ,Espanyol (W) v Oviedo Moderno (W), Favorite: ,Espanyol (W), 5226488   size:8.53,Price: ,1.59,Oviedo Moderno (W), 5423297   size:9.99,Price: ,3.95,The Draw, 58805   size:19.99,Price: ,3.45
1.121320103, Sport: ,Soccer, Time: ,Sun Oct 18 12:30:00 CEST 2015, Time: ,Sun Oct 18 12:30:00 CEST 2015, Event: ,Sporting de Huelva (W) v Ath Bilbao (W), Favorite: ,Ath Bilbao (W), 6122153   size:4.85,Price: ,1.63,Sporting de Huelva (W), 5227757   size:12.11,Price: ,3.75,The Draw, 58805   size:22.19,Price: ,3.6
