1.121369183, Sport: ,Ice Hockey, Time: ,Fri Oct 23 19:15:00 CEST 2015, Time: ,Fri Oct 23 19:15:00 CEST 2015, Event: ,Graz 99ers v Dornbirn, Favorite: ,Graz 99ers, 748396   size:11.27,Price: ,1.01,Dornbirn, 6602890   size:11.27,Price: ,1.01,Tie, 60104   size:11.27,Price: ,1.01
1.121369179, Sport: ,Ice Hockey, Time: ,Fri Oct 23 19:15:00 CEST 2015, Time: ,Fri Oct 23 19:15:00 CEST 2015, Event: ,Liwest Linz v Red Bull Salzburg, Favorite: ,Liwest Linz, 1266781   size:11.27,Price: ,1.01,Red Bull Salzburg, 2584427   size:11.27,Price: ,1.01,Tie, 60104   size:11.27,Price: ,1.01
1.121369189, Sport: ,Ice Hockey, Time: ,Fri Oct 23 19:15:00 CEST 2015, Time: ,Fri Oct 23 19:15:00 CEST 2015, Event: ,Innsbruck v Orli Znojmo, Favorite: ,Innsbruck, 563236   size:11.27,Price: ,1.01,Orli Znojmo, 5797611   size:11.27,Price: ,1.01,Tie, 60104   size:11.27,Price: ,1.01
1.121369186, Sport: ,Ice Hockey, Time: ,Fri Oct 23 19:15:00 CEST 2015, Time: ,Fri Oct 23 19:15:00 CEST 2015, Event: ,KAC Klagenfurt v Vienna Capitals, Favorite: ,KAC Klagenfurt, 1348429   size:11.27,Price: ,1.01,Vienna Capitals, 563229   size:11.27,Price: ,1.01,Tie, 60104   size:11.27,Price: ,1.01
1.121384954, Sport: ,Ice Hockey, Time: ,Fri Oct 23 19:30:00 CEST 2015, Time: ,Fri Oct 23 19:30:00 CEST 2015, Event: ,Medvescak Zagreb v Barys, Favorite: ,Medvescak Zagreb, 4182882   size:411.25,Price: ,1.05,Barys, 3328562   size:308.66,Price: ,1.21,Tie, 60104   size:88.06,Price: ,2.16
1.121369731, Sport: ,Ice Hockey, Time: ,Fri Oct 23 19:30:00 CEST 2015, Time: ,Fri Oct 23 19:30:00 CEST 2015, Event: ,Kolner Haie v ERC Ingolstadt, Favorite: ,Kolner Haie, 233911   size:11.27,Price: ,1.01,ERC Ingolstadt, 233927   size:14.2,Price: ,4.0,Tie, 60104   size:14.2,Price: ,4.0
1.121283068, Sport: ,Volleyball, Time: ,Fri Oct 23 19:30:00 CEST 2015, Time: ,Fri Oct 23 19:30:00 CEST 2015, Event: ,United Volleys Rhein-Ma v VfB Friedrichshafen, Favorite: ,VfB Friedrichshafen, 2281578   size:30.78,Price: ,1.01,RheinMain, 10424330   size:2.78,Price: ,7.6
1.121385097, Sport: ,Ice Hockey, Time: ,Fri Oct 23 19:45:00 CEST 2015, Time: ,Fri Oct 23 19:45:00 CEST 2015, Event: ,Biel v Lugano, Favorite: ,Biel, 3315685   size:5.9,Price: ,2.34,Lugano, 243259   size:26.96,Price: ,2.54,Tie, 60104   size:89.48,Price: ,4.2
1.121385083, Sport: ,Ice Hockey, Time: ,Fri Oct 23 19:45:00 CEST 2015, Time: ,Fri Oct 23 19:45:00 CEST 2015, Event: ,SCL Tigers v Kloten Flyers, Favorite: ,Kloten Flyers, 243255   size:43.98,Price: ,2.02,SCL Tigers, 243257   size:7.3,Price: ,2.98,Tie, 60104   size:85.81,Price: ,4.5
1.121385084, Sport: ,Ice Hockey, Time: ,Fri Oct 23 19:45:00 CEST 2015, Time: ,Fri Oct 23 19:45:00 CEST 2015, Event: ,Lausanne HC v Geneve Servette, Favorite: ,Lausanne HC, 7555451   size:231.36,Price: ,2.28,Geneve Servette, 4932959   size:8.31,Price: ,2.62,Tie, 60104   size:6.69,Price: ,4.2
1.121270750, Sport: ,Handball, Time: ,Fri Oct 23 20:00:00 CEST 2015, Time: ,Fri Oct 23 20:00:00 CEST 2015, Event: ,Skive fH v Mors Thy, Favorite: ,Skive fH, 5798546   size:5.21,Price: ,1.01,Mors Thy, 5207545   size:5.21,Price: ,1.01,Draw, 330157   size:5.21,Price: ,1.01
1.121395823, Sport: ,Tennis, Time: ,Fri Oct 23 20:03:00 CEST 2015, Time: ,Fri Oct 23 20:03:00 CEST 2015, Event: ,A Krajicek v D Novikov, Favorite: ,Austin Krajicek, 3288367   size:95.91,Price: ,1.57,Dennis Novikov, 6217982   size:53.62,Price: ,2.66
1.121268278, Sport: ,Soccer, Time: ,Fri Oct 23 20:15:00 CEST 2015, Time: ,Fri Oct 23 20:15:00 CEST 2015, Event: ,Slavia Prague v Sigma Olomouc, Favorite: ,Slavia Prague, 10777   size:93.19,Price: ,1.84,Sigma Olomouc, 50337   size:10.6,Price: ,4.8,The Draw, 58805   size:11.0,Price: ,3.75
1.121270752, Sport: ,Handball, Time: ,Fri Oct 23 20:30:00 CEST 2015, Time: ,Fri Oct 23 20:30:00 CEST 2015, Event: ,Team Tvis Holstebro v Aalborg, Favorite: ,Team Tvis Holstebro, 359681   size:3.58,Price: ,1.77,Aalborg, 1065783   size:2.35,Price: ,2.7,Draw, 330157   size:117.66,Price: ,8.6
1.121255127, Sport: ,Soccer, Time: ,Fri Oct 23 20:30:00 CEST 2015, Time: ,Fri Oct 23 20:30:00 CEST 2015, Event: ,Rhyl v Airbus UK, Favorite: ,Airbus UK, 3667303   size:3.42,Price: ,1.52,Rhyl, 339726   size:26.67,Price: ,6.8,The Draw, 58805   size:55.69,Price: ,4.7
1.121439775, Sport: ,Rugby League, Time: ,Fri Oct 23 20:30:00 CEST 2015, Time: ,Fri Oct 23 20:30:00 CEST 2015, Event: ,Scotland v Ireland, Favorite: ,Scotland, 10539   size:5.9,Price: ,1.17,Ireland, 10538   size:4.61,Price: ,5.8,Draw, 11126   size:2.29,Price: ,32.0
1.121266201, Sport: ,Soccer, Time: ,Fri Oct 23 20:30:00 CEST 2015, Time: ,Fri Oct 23 20:30:00 CEST 2015, Event: ,Austria Lustenau v FC Wacker Innsbruck, Favorite: ,Austria Lustenau, 453564   size:45.49,Price: ,2.38,FC Wacker Innsbruck, 2469752   size:60.4,Price: ,3.2,The Draw, 58805   size:61.42,Price: ,3.6
1.121255129, Sport: ,Soccer, Time: ,Fri Oct 23 20:45:00 CEST 2015, Time: ,Fri Oct 23 20:45:00 CEST 2015, Event: ,Aberystwyth v The New Saints, Favorite: ,The New Saints, 3667304   size:281.77,Price: ,1.54,Aberystwyth, 339725   size:28.01,Price: ,6.4,The Draw, 58805   size:10.43,Price: ,4.8
1.121344241, Sport: ,Rugby Union, Time: ,Fri Oct 23 20:45:00 CEST 2015, Time: ,Fri Oct 23 20:45:00 CEST 2015, Event: ,Gloucester v Saracens, Favorite: ,Saracens, 8881   size:443.01,Price: ,1.81,Gloucester, 168   size:58.6,Price: ,2.44,Draw, 246289   size:3.05,Price: ,22.0
1.121344248, Sport: ,Rugby Union, Time: ,Fri Oct 23 21:00:00 CEST 2015, Time: ,Fri Oct 23 21:00:00 CEST 2015, Event: ,Sale v Worcester, Favorite: ,Sale, 3139   size:7.13,Price: ,1.26,Worcester, 283308   size:55.72,Price: ,5.4,Draw, 246289   size:2.37,Price: ,23.0
1.121265895, Sport: ,Soccer, Time: ,Fri Oct 23 23:00:00 CEST 2015, Time: ,Fri Oct 23 23:00:00 CEST 2015, Event: ,Rubio Nu v Deportivo Santani, Favorite: ,Rubio Nu, 5363620   size:16.54,Price: ,2.3,Deportivo Santani, 7457440   size:76.98,Price: ,3.2,The Draw, 58805   size:2.0,Price: ,3.65
1.121322459, Sport: ,Soccer, Time: ,Sat Oct 24 00:00:00 CEST 2015, Time: ,Sat Oct 24 00:00:00 CEST 2015, Event: ,Lanus v Boca Juniors, Favorite: ,Boca Juniors, 17304   size:5.0,Price: ,1.97,Lanus, 194513   size:42.56,Price: ,4.9,The Draw, 58805   size:5.0,Price: ,3.4
1.121361848, Sport: ,American Football, Time: ,Sat Oct 24 01:00:00 CEST 2015, Time: ,Sat Oct 24 01:00:00 CEST 2015, Event: ,Montreal @ Toronto, Favorite: ,Toronto, 2014644   size:77.2,Price: ,1.35,Montreal, 2014643   size:2.68,Price: ,3.5
1.121362306, Sport: ,Basketball, Time: ,Sat Oct 24 02:00:00 CEST 2015, Time: ,Sat Oct 24 02:00:00 CEST 2015, Event: ,Boca Jrs v Obras, Favorite: ,Obras, 6269780   size:3.17,Price: ,1.08,Boca Jrs, 6719112   size:2.78,Price: ,1.8
1.121395848, Sport: ,Baseball, Time: ,Sat Oct 24 02:07:00 CEST 2015, Time: ,Sat Oct 24 02:07:00 CEST 2015, Event: ,TOR @ KC, Favorite: ,Toronto (D Price), 10108182   size:249.23,Price: ,1.78,Kansas City (Y Ventura), 7663454   size:38.65,Price: ,2.24
1.121431887, Sport: ,Soccer, Time: ,Sat Oct 24 03:15:00 CEST 2015, Time: ,Sat Oct 24 03:15:00 CEST 2015, Event: ,Honduras Progreso v Juticalpa, Favorite: ,Juticalpa, 10160888   size:139.86,Price: ,1.06,Honduras Progreso, 9216461   size:2.82,Price: ,1.77,The Draw, 58805   size:14.19,Price: ,2.92
1.121361851, Sport: ,American Football, Time: ,Sat Oct 24 04:00:00 CEST 2015, Time: ,Sat Oct 24 04:00:00 CEST 2015, Event: ,Hamilton @ BC, Favorite: ,Hamilton, 2014691   size:2.55,Price: ,1.85,BC, 2014481   size:5.9,Price: ,2.02
1.121349981, Sport: ,Ice Hockey, Time: ,Sat Oct 24 04:35:00 CEST 2015, Time: ,Sat Oct 24 04:35:00 CEST 2015, Event: ,Carolina @ Los Angeles, Favorite: ,Los Angeles, 2112286   size:4.7,Price: ,1.92,Carolina, 2108027   size:2.72,Price: ,3.75,Tie, 60104   size:2.68,Price: ,4.0
1.121261340, Sport: ,Soccer, Time: ,Sat Oct 24 07:00:00 CEST 2015, Time: ,Sat Oct 24 07:00:00 CEST 2015, Event: ,Shimizu v Kashiwa, Favorite: ,Kashiwa, 441080   size:352.68,Price: ,2.18,Shimizu, 441086   size:2.77,Price: ,3.35,The Draw, 58805   size:91.44,Price: ,3.8
1.121261725, Sport: ,Soccer, Time: ,Sat Oct 24 07:00:00 CEST 2015, Time: ,Sat Oct 24 07:00:00 CEST 2015, Event: ,Kawasaki v Yokohama FM, Favorite: ,Kawasaki, 1080507   size:21.56,Price: ,2.3,Yokohama FM, 441087   size:467.69,Price: ,3.2,The Draw, 58805   size:16.61,Price: ,3.85
1.121261533, Sport: ,Soccer, Time: ,Sat Oct 24 07:00:00 CEST 2015, Time: ,Sat Oct 24 07:00:00 CEST 2015, Event: ,Kofu v Hiroshima, Favorite: ,Hiroshima, 744103   size:14.44,Price: ,1.83,Kofu, 1405179   size:2.78,Price: ,5.2,The Draw, 58805   size:136.99,Price: ,3.65
1.121261244, Sport: ,Soccer, Time: ,Sat Oct 24 07:00:00 CEST 2015, Time: ,Sat Oct 24 07:00:00 CEST 2015, Event: ,Matsumoto v Tosu, Favorite: ,Matsumoto, 7081210   size:22.7,Price: ,2.6,Tosu, 3455676   size:30.72,Price: ,2.9,The Draw, 58805   size:44.7,Price: ,3.45
1.121261629, Sport: ,Soccer, Time: ,Sat Oct 24 07:00:00 CEST 2015, Time: ,Sat Oct 24 07:00:00 CEST 2015, Event: ,FC Tokyo v Urawa, Favorite: ,Urawa, 441088   size:13.43,Price: ,2.12,FC Tokyo, 350849   size:23.37,Price: ,3.65,The Draw, 58805   size:37.78,Price: ,3.75
1.121439791, Sport: ,Tennis, Time: ,Sat Oct 24 07:00:00 CEST 2015, Time: ,Sat Oct 24 07:00:00 CEST 2015, Event: ,Skugor v Zopp, Favorite: ,Jurgen Zopp, 5223695   size:3.53,Price: ,1.8,Franko Skugor, 2862839   size:38.34,Price: ,2.14
1.121261051, Sport: ,Soccer, Time: ,Sat Oct 24 07:00:00 CEST 2015, Time: ,Sat Oct 24 07:00:00 CEST 2015, Event: ,Kobe v Yamagata, Favorite: ,Kobe, 441082   size:3.19,Price: ,1.86,Yamagata, 3718961   size:101.18,Price: ,4.6,The Draw, 58805   size:40.86,Price: ,3.85
1.121255805, Sport: ,Soccer, Time: ,Sat Oct 24 07:00:00 CEST 2015, Time: ,Sat Oct 24 07:00:00 CEST 2015, Event: ,Daejeon Citizen v Busan lPark, Favorite: ,Busan lPark, 5352228   size:133.98,Price: ,2.58,Daejeon Citizen, 5352230   size:5.85,Price: ,3.05,The Draw, 58805   size:77.63,Price: ,3.25
1.121255853, Sport: ,Soccer, Time: ,Sat Oct 24 07:00:00 CEST 2015, Time: ,Sat Oct 24 07:00:00 CEST 2015, Event: ,Pohang Steelers v Jeju Utd, Favorite: ,Pohang Steelers, 1363823   size:32.53,Price: ,1.75,Jeju Utd, 5342583   size:42.43,Price: ,5.4,The Draw, 58805   size:68.6,Price: ,3.7
1.121261437, Sport: ,Soccer, Time: ,Sat Oct 24 07:00:00 CEST 2015, Time: ,Sat Oct 24 07:00:00 CEST 2015, Event: ,Nagoya v Niigata, Favorite: ,Niigata, 744094   size:23.44,Price: ,2.28,Nagoya, 441084   size:2.77,Price: ,3.35,The Draw, 58805   size:137.42,Price: ,3.7
1.121409711, Sport: ,Tennis, Time: ,Sat Oct 24 08:45:00 CEST 2015, Time: ,Sat Oct 24 08:45:00 CEST 2015, Event: ,Fabbiano/Zopp v Mektic/Skugor, Favorite: ,Mektic/Skugor, 9146543   size:2.55,Price: ,1.55,Fabbiano/Zopp, 10433866   size:2.75,Price: ,2.3
1.121282734, Sport: ,Volleyball, Time: ,Sat Oct 24 09:00:00 CEST 2015, Time: ,Sat Oct 24 09:00:00 CEST 2015, Event: ,GS Caltex Kixx v Korea Expressway, Favorite: ,GS Caltex Kixx, 10391693   size:2790.81,Price: ,1.01,Gyeongbuk Gimcheon High, 10391714   size:2790.81,Price: ,1.01
1.121439779, Sport: ,Tennis, Time: ,Sat Oct 24 09:00:00 CEST 2015, Time: ,Sat Oct 24 09:00:00 CEST 2015, Event: ,Menendez-Maceiras v Myneni, Favorite: ,Adrian Menendez-Maceira, 9128710   size:88.06,Price: ,1.8,Saketh Myneni, 7445661   size:41.23,Price: ,2.08
1.121428052, Sport: ,Soccer, Time: ,Sat Oct 24 10:00:00 CEST 2015, Time: ,Sat Oct 24 10:00:00 CEST 2015, Event: ,Cibalia U19 v HNK Rijeka U19, Favorite: ,Cibalia U19, 8321722   size:3.63,Price: ,1.07,HNK Rijeka U19, 7271146   size:3.63,Price: ,1.07,The Draw, 58805   size:4.17,Price: ,2.88
1.121428107, Sport: ,Soccer, Time: ,Sat Oct 24 10:00:00 CEST 2015, Time: ,Sat Oct 24 10:00:00 CEST 2015, Event: ,RNK Split U19 v NK Istra 1961 Pula U19, Favorite: ,RNK Split U19, 7639710   size:3.63,Price: ,1.07,NK Istra 1961 Pula U19, 8300180   size:3.63,Price: ,1.07,The Draw, 58805   size:4.17,Price: ,2.88
1.121268852, Sport: ,Soccer, Time: ,Fri Oct 23 19:15:00 CEST 2015, Time: ,Fri Oct 23 19:15:00 CEST 2015, Event: ,Club Santos Laguna U20 v CDSC Cruz Azul U20, Favorite: ,Club Santos Laguna U20, 6144871   size:98.0,Price: ,1.15,CDSC Cruz Azul U20, 6702694   size:18.15,Price: ,3.4,The Draw, 58805   size:18.15,Price: ,3.2
1.121369753, Sport: ,Ice Hockey, Time: ,Fri Oct 23 19:30:00 CEST 2015, Time: ,Fri Oct 23 19:30:00 CEST 2015, Event: ,Iserlohn v Augsburger, Favorite: ,Iserlohn, 265130   size:11.27,Price: ,1.01,Augsburg, 1031532   size:11.27,Price: ,1.01,Tie, 60104   size:11.27,Price: ,1.01
1.121385091, Sport: ,Ice Hockey, Time: ,Fri Oct 23 19:45:00 CEST 2015, Time: ,Fri Oct 23 19:45:00 CEST 2015, Event: ,Fribourg Gotteron v ZSC Lions, Favorite: ,Fribourg Gotteron, 243252   size:27.58,Price: ,2.4,ZSC Lions, 243260   size:4.56,Price: ,2.54,Tie, 60104   size:18.19,Price: ,4.4
1.121385108, Sport: ,Ice Hockey, Time: ,Fri Oct 23 19:45:00 CEST 2015, Time: ,Fri Oct 23 19:45:00 CEST 2015, Event: ,Zug v Bern, Favorite: ,Zug, 257975   size:270.97,Price: ,2.08,Bern, 243256   size:153.07,Price: ,2.82,Tie, 60104   size:87.94,Price: ,4.4
1.121439465, Sport: ,Tennis, Time: ,Fri Oct 23 19:52:00 CEST 2015, Time: ,Fri Oct 23 19:52:00 CEST 2015, Event: ,Rosol v Monfils, Favorite: ,Gael Monfils, 2257300   size:2222.0,Price: ,1.41,Lukas Rosol, 2258415   size:118.8,Price: ,2.82
1.121426343, Sport: ,Tennis, Time: ,Fri Oct 23 20:02:00 CEST 2015, Time: ,Fri Oct 23 20:02:00 CEST 2015, Event: ,Fognini/Mirnyi v Murray/Peers, Favorite: ,Murray/Peers, 7191922   size:2.1,Price: ,1.37,Fognini/Mirnyi, 10435351   size:2.78,Price: ,2.88
1.121426434, Sport: ,Tennis, Time: ,Fri Oct 23 20:15:00 CEST 2015, Time: ,Fri Oct 23 20:15:00 CEST 2015, Event: ,Koolhof/Middelkoop v Sijsling/Siljestrom, Favorite: ,Koolhof/Middelkoop, 9146551   size:115.96,Price: ,1.6,Sijsling/Siljestrom, 8381104   size:46.47,Price: ,2.5
1.121342897, Sport: ,Soccer, Time: ,Fri Oct 23 20:45:00 CEST 2015, Time: ,Fri Oct 23 20:45:00 CEST 2015, Event: ,UCD v Finn Harps, Favorite: ,Finn Harps, 385761   size:39.28,Price: ,2.56,UCD, 184328   size:45.56,Price: ,3.1,The Draw, 58805   size:31.85,Price: ,3.3
1.121345695, Sport: ,Rugby Union, Time: ,Fri Oct 23 20:45:00 CEST 2015, Time: ,Fri Oct 23 20:45:00 CEST 2015, Event: ,Racing Metro 92 v Stade Francais, Favorite: ,Racing Metro 92, 3969078   size:2.69,Price: ,1.34,Stade Francais, 233949   size:2.68,Price: ,4.0,Draw, 246289   size:2.9,Price: ,24.0
1.121272613, Sport: ,Soccer, Time: ,Fri Oct 23 20:45:00 CEST 2015, Time: ,Fri Oct 23 20:45:00 CEST 2015, Event: ,Northwich v Chorley, Favorite: ,Chorley, 4231709   size:15.6,Price: ,2.14,Northwich, 18557   size:2.77,Price: ,3.1,The Draw, 58805   size:2.0,Price: ,4.0
1.121257175, Sport: ,Soccer, Time: ,Fri Oct 23 20:45:00 CEST 2015, Time: ,Fri Oct 23 20:45:00 CEST 2015, Event: ,Limerick v Shamrock Rovers, Favorite: ,Shamrock Rovers, 184325   size:6.96,Price: ,2.36,Limerick, 385757   size:11.14,Price: ,3.3,The Draw, 58805   size:95.34,Price: ,3.6
1.121439652, Sport: ,Tennis, Time: ,Fri Oct 23 20:45:00 CEST 2015, Time: ,Fri Oct 23 20:45:00 CEST 2015, Event: ,Duran/Gonzalez v Molteni/Trungelliti, Favorite: ,Duran/Gonzalez, 8015602   size:2.59,Price: ,1.38,Molteni/Trungelliti, 9456604   size:2.55,Price: ,3.1
1.121342828, Sport: ,Soccer, Time: ,Fri Oct 23 21:00:00 CEST 2015, Time: ,Fri Oct 23 21:00:00 CEST 2015, Event: ,France (W) v Netherlands (W), Favorite: ,France (W), 541830   size:2.55,Price: ,1.36,Netherlands (W), 2032095   size:2.53,Price: ,8.8,The Draw, 58805   size:2.58,Price: ,5.0
1.121467743, Sport: ,Rugby League, Time: ,Fri Oct 23 21:00:00 CEST 2015, Time: ,Fri Oct 23 21:00:00 CEST 2015, Event: ,Leeds Rinos v New Zealand, Favorite: ,New Zealand, 10532   size:18.15,Price: ,1.03,Leeds Rinos, 10455536   size:4.53,Price: ,2.0,Draw, 11126   size:4.53,Price: ,3.0
1.121439463, Sport: ,Tennis, Time: ,Fri Oct 23 21:30:00 CEST 2015, Time: ,Fri Oct 23 21:30:00 CEST 2015, Event: ,P Goncalves v Kovalets, Favorite: ,Paula Cristina Goncalves, 7083750   size:2.55,Price: ,1.57,Sofiya Kovalets, 8535293   size:20.96,Price: ,2.62
1.121396106, Sport: ,Tennis, Time: ,Fri Oct 23 22:00:00 CEST 2015, Time: ,Fri Oct 23 22:00:00 CEST 2015, Event: ,Berlocq v Podlipnik-Castillo, Favorite: ,Carlos Berlocq, 2283676   size:226.87,Price: ,1.18,Hans Podlipnik-Castillo, 8461633   size:2.55,Price: ,5.2
1.121439594, Sport: ,Tennis, Time: ,Fri Oct 23 22:00:00 CEST 2015, Time: ,Fri Oct 23 22:00:00 CEST 2015, Event: ,Zemlja v Rola, Favorite: ,Blaz Rola, 8174357   size:4.75,Price: ,1.82,Grega Zemlja, 3509269   size:76.67,Price: ,2.14
1.121439462, Sport: ,Tennis, Time: ,Sat Oct 24 00:30:00 CEST 2015, Time: ,Sat Oct 24 00:30:00 CEST 2015, Event: ,A Sadikovic v C Zhao, Favorite: ,Amra Sadikovic, 4183959   size:9.78,Price: ,1.43,Carol Zhao, 7550871   size:4.78,Price: ,2.84
1.121436394, Sport: ,Soccer, Time: ,Sat Oct 24 01:00:00 CEST 2015, Time: ,Sat Oct 24 01:00:00 CEST 2015, Event: ,Ucv FC v Diamantes de Guayana, Favorite: ,UCV FC, 10058063   size:3.63,Price: ,1.07,Diamantes de Guayana, 9989677   size:3.63,Price: ,1.07,The Draw, 58805   size:5.0,Price: ,2.94
1.121322507, Sport: ,Soccer, Time: ,Sat Oct 24 02:30:00 CEST 2015, Time: ,Sat Oct 24 02:30:00 CEST 2015, Event: ,Rosario Central v Racing Club, Favorite: ,Rosario Central, 220949   size:5.0,Price: ,2.6,Racing Club, 198558   size:5.0,Price: ,3.4,The Draw, 58805   size:15.32,Price: ,3.05
1.121322935, Sport: ,Soccer, Time: ,Sat Oct 24 02:30:00 CEST 2015, Time: ,Sat Oct 24 02:30:00 CEST 2015, Event: ,Gimnasia Jujuy v Villa Dalmine, Favorite: ,Gimnasia Jujuy, 1213580   size:35.97,Price: ,2.86,Villa Dalmine, 5971695   size:7.24,Price: ,2.9,The Draw, 58805   size:93.25,Price: ,3.05
1.121360067, Sport: ,Soccer, Time: ,Sat Oct 24 04:30:00 CEST 2015, Time: ,Sat Oct 24 04:30:00 CEST 2015, Event: ,Santos Laguna v Cruz Azul, Favorite: ,Santos Laguna, 328957   size:12.71,Price: ,2.18,Cruz Azul, 328204   size:21.87,Price: ,3.7,The Draw, 58805   size:13.37,Price: ,3.55
1.121422504, Sport: ,Volleyball, Time: ,Sat Oct 24 07:00:00 CEST 2015, Time: ,Sat Oct 24 07:00:00 CEST 2015, Event: ,Seoul Woori Card Hansae v Ansan Rush&cash, Favorite: ,Ansan Rush&cash, 10443744   size:30.64,Price: ,1.01,Seoul Woori Card Hansae, 10391680   size:5.9,Price: ,1.38
1.121429853, Sport: ,Soccer, Time: ,Sat Oct 24 08:30:00 CEST 2015, Time: ,Sat Oct 24 08:30:00 CEST 2015, Event: ,Wong Tai Sin v Southern District, Favorite: ,Wong Tai Sin, 8839726   size:80.0,Price: ,1.1,Southern District, 10268893   size:80.0,Price: ,1.1,The Draw, 58805   size:30.77,Price: ,1.26
1.121429330, Sport: ,Soccer, Time: ,Sat Oct 24 09:30:00 CEST 2015, Time: ,Sat Oct 24 09:30:00 CEST 2015, Event: ,AEL Kallonis U20 v Levadiakos FC U20, Favorite: ,AEL Kallonis U20, 9220044   size:3.63,Price: ,1.07,Levadiakos FC U20, 9212628   size:3.63,Price: ,1.07,The Draw, 58805   size:2.78,Price: ,1.25
1.121329540, Sport: ,Cricket, Time: ,Sat Oct 24 10:00:00 CEST 2015, Time: ,Sat Oct 24 10:00:00 CEST 2015, Event: ,Namibia v Ireland, Favorite: ,Namibia, 144199   size:2166.11,Price: ,1.04,Ireland, 152530   size:2166.11,Price: ,1.04,The Draw, 60443   size:2166.11,Price: ,1.04
1.121433542, Sport: ,Soccer, Time: ,Sat Oct 24 10:00:00 CEST 2015, Time: ,Sat Oct 24 10:00:00 CEST 2015, Event: ,CS Balotesti v Berceni, Favorite: ,CS Balotesti, 7161082   size:7.54,Price: ,1.81,Berceni, 6681486   size:7.54,Price: ,2.06,The Draw, 58805   size:12.5,Price: ,2.12
1.121433760, Sport: ,Soccer, Time: ,Sat Oct 24 10:00:00 CEST 2015, Time: ,Sat Oct 24 10:00:00 CEST 2015, Event: ,FC Brasov v CS Mioveni, Favorite: ,FC Brasov, 3204853   size:7.54,Price: ,1.46,CS Mioveni, 5525359   size:5.0,Price: ,2.92,The Draw, 58805   size:2.78,Price: ,3.1
1.121433815, Sport: ,Soccer, Time: ,Sat Oct 24 10:00:00 CEST 2015, Time: ,Sat Oct 24 10:00:00 CEST 2015, Event: ,Ramnicu Valcea v Olimpia Satu Mare, Favorite: ,Ramnicu Valcea, 4189796   size:5.0,Price: ,1.45,Olimpia Satu Mare, 6681485   size:5.0,Price: ,2.2,The Draw, 58805   size:12.5,Price: ,2.02
1.121429385, Sport: ,Soccer, Time: ,Sat Oct 24 10:00:00 CEST 2015, Time: ,Sat Oct 24 10:00:00 CEST 2015, Event: ,Atromitos Athens U20 v Olympiakos U20, Favorite: ,Atromitos Athens U20, 6320780   size:3.63,Price: ,1.07,Olympiakos U20, 5226002   size:3.63,Price: ,1.07,The Draw, 58805   size:4.17,Price: ,2.88
1.121433650, Sport: ,Soccer, Time: ,Sat Oct 24 10:00:00 CEST 2015, Time: ,Sat Oct 24 10:00:00 CEST 2015, Event: ,CS FC Caransebes v Gaz Metan Medias, Favorite: ,Gaz Metan Medias, 3204854   size:7.54,Price: ,1.94,CS FC Caransebes, 8808428   size:7.54,Price: ,2.52,The Draw, 58805   size:12.5,Price: ,2.32
1.121433433, Sport: ,Soccer, Time: ,Sat Oct 24 10:00:00 CEST 2015, Time: ,Sat Oct 24 10:00:00 CEST 2015, Event: ,Ceahlaul v SC Bacau, Favorite: ,SC Bacau, 7653652   size:5.0,Price: ,1.38,Ceahlaul, 1557295   size:5.0,Price: ,2.28,The Draw, 58805   size:12.56,Price: ,2.16
1.121433927, Sport: ,Soccer, Time: ,Sat Oct 24 10:00:00 CEST 2015, Time: ,Sat Oct 24 10:00:00 CEST 2015, Event: ,Targoviste v Soimii Pancota, Favorite: ,Targoviste, 6803067   size:5.0,Price: ,1.45,Soimii Pancota, 6681487   size:5.0,Price: ,2.2,The Draw, 58805   size:12.5,Price: ,2.02
1.121390140, Sport: ,Basketball, Time: ,Sat Oct 24 10:00:00 CEST 2015, Time: ,Sat Oct 24 10:00:00 CEST 2015, Event: ,Osaka v Okinawa, Favorite: ,Osaka, 6737020   size:8.47,Price: ,1.03,Okinawa, 6718537   size:8.47,Price: ,1.03
1.121369770, Sport: ,Ice Hockey, Time: ,Fri Oct 23 19:30:00 CEST 2015, Time: ,Fri Oct 23 19:30:00 CEST 2015, Event: ,Adler Mannheim v Eisbaren Berlin, Favorite: ,Adler Mannheim, 233924   size:11.27,Price: ,1.01,Eisbaren Berlin, 233923   size:11.27,Price: ,1.01,Tie, 60104   size:11.27,Price: ,1.01
1.121439741, Sport: ,Tennis, Time: ,Fri Oct 23 20:00:00 CEST 2015, Time: ,Fri Oct 23 20:00:00 CEST 2015, Event: ,K McCarthy v F Molinero, Favorite: ,Kaitlyn McCarthy, 9345571   size:6.96,Price: ,1.8,Florencia Molinero, 4946380   size:34.82,Price: ,2.18
1.121439739, Sport: ,Tennis, Time: ,Fri Oct 23 20:00:00 CEST 2015, Time: ,Fri Oct 23 20:00:00 CEST 2015, Event: ,S Crawford v J Jaksic, Favorite: ,Samantha Crawford, 6603928   size:64.07,Price: ,1.62,Jovana Jaksic, 7168389   size:28.33,Price: ,2.4
1.121391977, Sport: ,Soccer, Time: ,Fri Oct 23 20:30:00 CEST 2015, Time: ,Fri Oct 23 20:30:00 CEST 2015, Event: ,Lynx FC v College Europa, Favorite: ,College Europa, 8654193   size:3.38,Price: ,1.7,Lynx FC, 8916861   size:4.27,Price: ,5.1,The Draw, 58805   size:8.61,Price: ,3.1
1.121391591, Sport: ,Soccer, Time: ,Fri Oct 23 20:30:00 CEST 2015, Time: ,Fri Oct 23 20:30:00 CEST 2015, Event: ,Garden Village AFC v Afan Lido, Favorite: ,Afan Lido, 4272571   size:95.55,Price: ,1.33,Garden Village AFC, 9109408   size:4.24,Price: ,5.0,The Draw, 58805   size:12.76,Price: ,2.9
1.121439742, Sport: ,Tennis, Time: ,Fri Oct 23 20:30:00 CEST 2015, Time: ,Fri Oct 23 20:30:00 CEST 2015, Event: ,S Kenin v R Anderson, Favorite: ,Robin Anderson, 8947134   size:13.06,Price: ,1.37,Sofia Kenin, 9149629   size:16.16,Price: ,3.3
1.121250735, Sport: ,Soccer, Time: ,Fri Oct 23 20:30:00 CEST 2015, Time: ,Fri Oct 23 20:30:00 CEST 2015, Event: ,Genk v Mouscron, Favorite: ,Genk, 14072   size:66.8,Price: ,1.54,Mouscron, 67186   size:6.43,Price: ,7.2,The Draw, 58805   size:192.24,Price: ,4.6
1.121249064, Sport: ,Soccer, Time: ,Fri Oct 23 20:30:00 CEST 2015, Time: ,Fri Oct 23 20:30:00 CEST 2015, Event: ,Rayo Vallecano v Espanyol, Favorite: ,Rayo Vallecano, 10779   size:6747.03,Price: ,2.06,Espanyol, 59044   size:150.53,Price: ,3.85,The Draw, 58805   size:1741.62,Price: ,3.85
1.121430406, Sport: ,Tennis, Time: ,Fri Oct 23 20:30:00 CEST 2015, Time: ,Fri Oct 23 20:30:00 CEST 2015, Event: ,J Jankovic v Doi, Favorite: ,Jelena Jankovic, 2252607   size:40.85,Price: ,1.21,Misaki Doi, 4729711   size:309.16,Price: ,5.5
1.121345758, Sport: ,Rugby Union, Time: ,Fri Oct 23 20:35:00 CEST 2015, Time: ,Fri Oct 23 20:35:00 CEST 2015, Event: ,Ulster v Cardiff, Favorite: ,Ulster, 50107   size:1452.34,Price: ,1.15,Cardiff, 8880   size:2.28,Price: ,7.8,Draw, 246289   size:3.05,Price: ,42.0
1.121345764, Sport: ,Rugby Union, Time: ,Fri Oct 23 20:45:00 CEST 2015, Time: ,Fri Oct 23 20:45:00 CEST 2015, Event: ,Leinster v Glasgow, Favorite: ,Leinster, 8875   size:3.38,Price: ,1.85,Glasgow, 50108   size:80.43,Price: ,2.32,Draw, 246289   size:6.94,Price: ,22.0
1.121391536, Sport: ,Soccer, Time: ,Fri Oct 23 20:45:00 CEST 2015, Time: ,Fri Oct 23 20:45:00 CEST 2015, Event: ,Cefn Druids v Guilsfield FC, Favorite: ,Cefn Druids, 7629616   size:6.0,Price: ,1.16,Guilsfield FC, 5084333   size:3.0,Price: ,3.3,The Draw, 58805   size:10.89,Price: ,2.22
1.121439740, Sport: ,Tennis, Time: ,Fri Oct 23 22:30:00 CEST 2015, Time: ,Fri Oct 23 22:30:00 CEST 2015, Event: ,C Robillard-Millette v M Sanchez, Favorite: ,Maria Sanchez, 5374654   size:4.47,Price: ,1.42,Char Robillard-Millette, 10450881   size:3.04,Price: ,3.0
1.121389921, Sport: ,Basketball, Time: ,Sat Oct 24 01:00:00 CEST 2015, Time: ,Sat Oct 24 01:00:00 CEST 2015, Event: ,Memphis @ Orlando, Favorite: ,Memphis, 119812   size:93.0,Price: ,1.54,Orlando, 13104   size:25.6,Price: ,2.6
1.121439725, Sport: ,Tennis, Time: ,Sat Oct 24 01:00:00 CEST 2015, Time: ,Sat Oct 24 01:00:00 CEST 2015, Event: ,Barrientos/Struvay v Ball/Brown, Favorite: ,Ball/Brown, 10409550   size:3.31,Price: ,1.51,Barrientos/Struvay, 8226198   size:2.23,Price: ,2.24
1.121390028, Sport: ,Basketball, Time: ,Sat Oct 24 01:30:00 CEST 2015, Time: ,Sat Oct 24 01:30:00 CEST 2015, Event: ,Washington @ Toronto, Favorite: ,Toronto, 13113   size:74.0,Price: ,1.68,Washington, 13105   size:39.0,Price: ,2.28
1.121389925, Sport: ,Basketball, Time: ,Sat Oct 24 01:30:00 CEST 2015, Time: ,Sat Oct 24 01:30:00 CEST 2015, Event: ,Philadelphia @ Boston, Favorite: ,Boston, 13108   size:2.55,Price: ,1.37,Philadelphia, 13103   size:18.91,Price: ,3.3
1.121389929, Sport: ,Basketball, Time: ,Sat Oct 24 01:30:00 CEST 2015, Time: ,Sat Oct 24 01:30:00 CEST 2015, Event: ,Atlanta @ Detroit, Favorite: ,Atlanta, 13114   size:18.18,Price: ,1.44,Detroit, 13111   size:16.32,Price: ,1.49
1.121389961, Sport: ,Basketball, Time: ,Sat Oct 24 02:00:00 CEST 2015, Time: ,Sat Oct 24 02:00:00 CEST 2015, Event: ,Miami @ New Orleans, Favorite: ,New Orleans, 6860646   size:66.66,Price: ,1.12,Miami, 13109   size:30.77,Price: ,1.26
1.121389992, Sport: ,Basketball, Time: ,Sat Oct 24 02:00:00 CEST 2015, Time: ,Sat Oct 24 02:00:00 CEST 2015, Event: ,Milwaukee @ Minnesota, Favorite: ,Milwaukee, 13115   size:86.0,Price: ,1.58,Minnesota, 13118   size:34.0,Price: ,2.48
1.121389952, Sport: ,Basketball, Time: ,Sat Oct 24 02:00:00 CEST 2015, Time: ,Sat Oct 24 02:00:00 CEST 2015, Event: ,Dallas @ Chicago, Favorite: ,Chicago, 13117   size:98.0,Price: ,1.51,Dallas, 13122   size:2.28,Price: ,2.78
1.121360141, Sport: ,Soccer, Time: ,Sat Oct 24 02:30:00 CEST 2015, Time: ,Sat Oct 24 02:30:00 CEST 2015, Event: ,Veracruz v Toluca, Favorite: ,Toluca, 230914   size:2.78,Price: ,2.36,Veracruz, 328922   size:18.37,Price: ,3.3,The Draw, 58805   size:123.22,Price: ,3.5
1.121389996, Sport: ,Basketball, Time: ,Sat Oct 24 02:30:00 CEST 2015, Time: ,Sat Oct 24 02:30:00 CEST 2015, Event: ,Houston @ San Antonio, Favorite: ,San Antonio, 13121   size:3.05,Price: ,1.64,Houston, 13123   size:2.21,Price: ,2.26
1.121373727, Sport: ,Soccer, Time: ,Sat Oct 24 04:30:00 CEST 2015, Time: ,Sat Oct 24 04:30:00 CEST 2015, Event: ,UNAN Managua v Real Madriz FC, Favorite: ,UNAN Managua, 9198508   size:10.89,Price: ,1.1,Real Madriz FC, 9217072   size:10.89,Price: ,1.1,The Draw, 58805   size:10.89,Price: ,1.29
1.121467500, Sport: ,Tennis, Time: ,Sat Oct 24 06:30:00 CEST 2015, Time: ,Sat Oct 24 06:30:00 CEST 2015, Event: ,Ar Sharma v Vakil, Favorite: ,Arpit Sharma, 9238057   size:6.35,Price: ,1.04,Neishit Vakil, 8923315   size:6.35,Price: ,1.04
1.121390141, Sport: ,Basketball, Time: ,Sat Oct 24 06:30:00 CEST 2015, Time: ,Sat Oct 24 06:30:00 CEST 2015, Event: ,Sendai v Fukushima, Favorite: ,Sendai, 6718618   size:8.47,Price: ,1.03,Fukushima, 8832819   size:5.9,Price: ,1.13
1.121467501, Sport: ,Tennis, Time: ,Sat Oct 24 10:00:00 CEST 2015, Time: ,Sat Oct 24 10:00:00 CEST 2015, Event: ,Siddhant v Rawat, Favorite: ,Banthia Siddhant, 10455234   size:6.35,Price: ,1.04,Sidharth Rawat, 8256942   size:6.35,Price: ,1.04
1.121430238, Sport: ,Soccer, Time: ,Sat Oct 24 10:00:00 CEST 2015, Time: ,Sat Oct 24 10:00:00 CEST 2015, Event: ,Ferencvarosi TC U19 v Honved U19, Favorite: ,Ferencvarosi TC U19, 6302526   size:3.63,Price: ,1.07,Honved U19, 6285228   size:3.63,Price: ,1.07,The Draw, 58805   size:4.17,Price: ,2.88
1.121467496, Sport: ,Tennis, Time: ,Sat Oct 24 10:00:00 CEST 2015, Time: ,Sat Oct 24 10:00:00 CEST 2015, Event: ,Virali-Murugesan v M Goyal, Favorite: ,Ranjeet Virali-Murugesa, 9625618   size:6.35,Price: ,1.04,Medhir Goyal, 8923317   size:6.35,Price: ,1.04
1.121439187, Sport: ,Tennis, Time: ,Fri Oct 23 19:15:00 CEST 2015, Time: ,Fri Oct 23 19:15:00 CEST 2015, Event: ,Ma Cilic v An Kuznetsov, Favorite: ,Marin Cilic, 2263681   size:6470.64,Price: ,1.28,Andrey Kuznetsov, 4257454   size:498.06,Price: ,4.4
1.121369591, Sport: ,Ice Hockey, Time: ,Fri Oct 23 19:30:00 CEST 2015, Time: ,Fri Oct 23 19:30:00 CEST 2015, Event: ,Krefeld Pinguine v Nurnberg, Favorite: ,Nurnberg, 1032175   size:121.79,Price: ,1.35,Krefeld Pinguine, 233926   size:14.2,Price: ,4.0,Tie, 60104   size:14.2,Price: ,4.0
1.121369586, Sport: ,Ice Hockey, Time: ,Fri Oct 23 19:30:00 CEST 2015, Time: ,Fri Oct 23 19:30:00 CEST 2015, Event: ,Wolfsburg v Hamburg, Favorite: ,Hamburg, 1031535   size:11.27,Price: ,1.01,Wolfsburg, 1031534   size:14.2,Price: ,4.0,Tie, 60104   size:14.2,Price: ,4.0
1.121389768, Sport: ,Basketball, Time: ,Fri Oct 23 19:30:00 CEST 2015, Time: ,Fri Oct 23 19:30:00 CEST 2015, Event: ,Wels v Traiskirchen, Favorite: ,Wels, 7036691   size:2.57,Price: ,1.02,Traiskirchen, 1387301   size:5.15,Price: ,9.8
1.121350519, Sport: ,Basketball, Time: ,Fri Oct 23 20:00:00 CEST 2015, Time: ,Fri Oct 23 20:00:00 CEST 2015, Event: ,Brose Baskets v Darussafaka, Favorite: ,Brose Baskets, 2158509   size:88.0,Price: ,1.18,Darussafaka, 631285   size:8.5,Price: ,2.0
1.121251627, Sport: ,Soccer, Time: ,Fri Oct 23 20:00:00 CEST 2015, Time: ,Fri Oct 23 20:00:00 CEST 2015, Event: ,Auxerre v Red Star, Favorite: ,Auxerre, 44800   size:76.0,Price: ,2.3,Red Star, 496950   size:3.92,Price: ,3.9,The Draw, 58805   size:42.91,Price: ,3.1
1.121252305, Sport: ,Soccer, Time: ,Fri Oct 23 20:00:00 CEST 2015, Time: ,Fri Oct 23 20:00:00 CEST 2015, Event: ,Laval v Tours, Favorite: ,Laval, 77585   size:45.39,Price: ,2.76,Tours, 1543737   size:172.92,Price: ,3.2,The Draw, 58805   size:7.45,Price: ,2.98
1.121252011, Sport: ,Soccer, Time: ,Fri Oct 23 20:00:00 CEST 2015, Time: ,Fri Oct 23 20:00:00 CEST 2015, Event: ,Brest v Valenciennes, Favorite: ,Brest, 669348   size:12.33,Price: ,1.91,Valenciennes, 669343   size:25.6,Price: ,5.3,The Draw, 58805   size:6.88,Price: ,3.3
1.121251723, Sport: ,Soccer, Time: ,Fri Oct 23 20:00:00 CEST 2015, Time: ,Fri Oct 23 20:00:00 CEST 2015, Event: ,Evian TG v Creteil, Favorite: ,Evian TG, 4864973   size:149.86,Price: ,2.0,Creteil, 269793   size:2.84,Price: ,4.5,The Draw, 58805   size:175.57,Price: ,3.55
1.121251915, Sport: ,Soccer, Time: ,Fri Oct 23 20:00:00 CEST 2015, Time: ,Fri Oct 23 20:00:00 CEST 2015, Event: ,Paris FC v Niort, Favorite: ,Paris FC, 5168454   size:39.56,Price: ,2.74,Niort, 309687   size:33.33,Price: ,3.25,The Draw, 58805   size:199.49,Price: ,2.96
1.121245910, Sport: ,Soccer, Time: ,Fri Oct 23 20:00:00 CEST 2015, Time: ,Fri Oct 23 20:00:00 CEST 2015, Event: ,Zwolle v Utrecht, Favorite: ,Zwolle, 67183   size:126.2,Price: ,2.44,Utrecht, 48449   size:436.49,Price: ,3.05,The Draw, 58805   size:56.7,Price: ,3.7
1.121252111, Sport: ,Soccer, Time: ,Fri Oct 23 20:00:00 CEST 2015, Time: ,Fri Oct 23 20:00:00 CEST 2015, Event: ,AC Ajaccio v Metz, Favorite: ,AC Ajaccio, 8720753   size:37.5,Price: ,2.66,Metz, 44795   size:312.77,Price: ,3.4,The Draw, 58805   size:87.31,Price: ,3.0
1.121251819, Sport: ,Soccer, Time: ,Fri Oct 23 20:00:00 CEST 2015, Time: ,Fri Oct 23 20:00:00 CEST 2015, Event: ,Nancy v Bourg-Peronnas, Favorite: ,Nancy, 70468   size:67.05,Price: ,1.7,Bourg-Peronnas, 676431   size:32.82,Price: ,6.4,The Draw, 58805   size:5.08,Price: ,3.8
1.121263395, Sport: ,Soccer, Time: ,Fri Oct 23 20:30:00 CEST 2015, Time: ,Fri Oct 23 20:30:00 CEST 2015, Event: ,White Star Bruxelles v Union St Gilloise, Favorite: ,White Star Bruxelles, 7408886   size:40.0,Price: ,2.4,Union St Gilloise, 892024   size:7.28,Price: ,3.3,The Draw, 58805   size:2.35,Price: ,3.55
1.121390164, Sport: ,Basketball, Time: ,Fri Oct 23 20:30:00 CEST 2015, Time: ,Fri Oct 23 20:30:00 CEST 2015, Event: ,Navarra v Huesca, Favorite: ,Navarra, 5021017   size:5.0,Price: ,1.27,Huesca, 5021019   size:10.23,Price: ,3.65
1.121262395, Sport: ,Handball, Time: ,Fri Oct 23 20:30:00 CEST 2015, Time: ,Fri Oct 23 20:30:00 CEST 2015, Event: ,Guadalajara v Morrazo, Favorite: ,Guadalajara, 4995923   size:2.34,Price: ,2.14,Morrazo, 7602610   size:2.23,Price: ,2.24,Draw, 330157   size:127.56,Price: ,8.0
1.121389773, Sport: ,Basketball, Time: ,Fri Oct 23 20:30:00 CEST 2015, Time: ,Fri Oct 23 20:30:00 CEST 2015, Event: ,Sheffield v Leicester, Favorite: ,Leicester, 2938536   size:5.0,Price: ,1.27,Sheffield, 2938535   size:15.0,Price: ,4.4
1.121263246, Sport: ,Soccer, Time: ,Fri Oct 23 20:45:00 CEST 2015, Time: ,Fri Oct 23 20:45:00 CEST 2015, Event: ,St Patricks v Sligo Rovers, Favorite: ,St Patricks, 364471   size:367.23,Price: ,1.73,Sligo Rovers, 387040   size:157.18,Price: ,5.2,The Draw, 58805   size:15.47,Price: ,4.2
1.121263098, Sport: ,Soccer, Time: ,Fri Oct 23 20:45:00 CEST 2015, Time: ,Fri Oct 23 20:45:00 CEST 2015, Event: ,Cork City v Dundalk, Favorite: ,Dundalk, 198746   size:397.82,Price: ,2.22,Cork City, 298594   size:22.13,Price: ,3.65,The Draw, 58805   size:453.71,Price: ,3.45
1.121263321, Sport: ,Soccer, Time: ,Fri Oct 23 20:45:00 CEST 2015, Time: ,Fri Oct 23 20:45:00 CEST 2015, Event: ,Drogheda v Longford, Favorite: ,Drogheda, 184329   size:7.07,Price: ,2.62,Longford, 184330   size:233.14,Price: ,2.9,The Draw, 58805   size:108.01,Price: ,3.55
1.121269734, Sport: ,Soccer, Time: ,Fri Oct 23 20:45:00 CEST 2015, Time: ,Fri Oct 23 20:45:00 CEST 2015, Event: ,Scotland (W) v Belarus (W), Favorite: ,Scotland (W), 605320   size:301.62,Price: ,1.03,Belarus (W), 5767800   size:21.5,Price: ,120.0,The Draw, 58805   size:3.3,Price: ,20.0
1.121263172, Sport: ,Soccer, Time: ,Fri Oct 23 20:45:00 CEST 2015, Time: ,Fri Oct 23 20:45:00 CEST 2015, Event: ,Derry v Bohemians, Favorite: ,Derry, 184326   size:257.83,Price: ,2.18,Bohemians, 3814   size:74.97,Price: ,3.6,The Draw, 58805   size:32.03,Price: ,3.65
1.121248219, Sport: ,Soccer, Time: ,Fri Oct 23 21:30:00 CEST 2015, Time: ,Fri Oct 23 21:30:00 CEST 2015, Event: ,Nacional v Boavista, Favorite: ,Nacional, 203723   size:159.52,Price: ,1.95,Boavista, 10761   size:320.0,Price: ,4.9,The Draw, 58805   size:203.08,Price: ,3.4
1.121356946, Sport: ,Soccer, Time: ,Sat Oct 24 02:30:00 CEST 2015, Time: ,Sat Oct 24 02:30:00 CEST 2015, Event: ,Mineros de Zacatecas v Lobos BUAP, Favorite: ,Mineros de Zacatecas, 8692849   size:5.0,Price: ,2.16,Lobos BUAP, 6138085   size:2.78,Price: ,3.25,The Draw, 58805   size:41.0,Price: ,3.55
1.121439761, Sport: ,Tennis, Time: ,Sat Oct 24 04:00:00 CEST 2015, Time: ,Sat Oct 24 04:00:00 CEST 2015, Event: ,Y Y Duan v K L Zhang, Favorite: ,Ying Ying Duan, 6604251   size:2.55,Price: ,1.47,Kai Lin Zhang, 8716046   size:2.3,Price: ,2.76
1.121454613, Sport: ,Tennis, Time: ,Sat Oct 24 04:00:00 CEST 2015, Time: ,Sat Oct 24 04:00:00 CEST 2015, Event: ,Fl Fallert v Qiu, Favorite: ,Florian Fallert, 8960791   size:6.35,Price: ,1.04,Zhuoyang Qiu, 8812602   size:3.17,Price: ,1.08
1.121454621, Sport: ,Tennis, Time: ,Sat Oct 24 04:30:00 CEST 2015, Time: ,Sat Oct 24 04:30:00 CEST 2015, Event: ,Rochette v Cheng Zhu, Favorite: ,Laurent Rochette, 6603921   size:6.35,Price: ,1.04,Jian Cheng Zhu, 10454315   size:6.35,Price: ,1.04
1.121454627, Sport: ,Tennis, Time: ,Sat Oct 24 04:30:00 CEST 2015, Time: ,Sat Oct 24 04:30:00 CEST 2015, Event: ,Xia v Yua Li, Favorite: ,Yuanfeng Li, 8475993   size:3.63,Price: ,1.07,Hai tong Xia, 9630652   size:3.17,Price: ,1.08
1.121431428, Sport: ,American Football, Time: ,Sat Oct 24 04:30:00 CEST 2015, Time: ,Sat Oct 24 04:30:00 CEST 2015, Event: ,Utah State @ San Diego State, Favorite: ,Utah State, 602740   size:18.68,Price: ,1.57,San Diego State, 3430534   size:9.49,Price: ,2.58
1.121454626, Sport: ,Tennis, Time: ,Sat Oct 24 05:45:00 CEST 2015, Time: ,Sat Oct 24 05:45:00 CEST 2015, Event: ,R Ghedin v Xiang Hui, Favorite: ,Riccardo Ghedin, 3506053   size:6.35,Price: ,1.04,Tian Xiang Hui, 10454317   size:6.35,Price: ,1.04
1.121454612, Sport: ,Tennis, Time: ,Sat Oct 24 06:15:00 CEST 2015, Time: ,Sat Oct 24 06:15:00 CEST 2015, Event: ,J Tao v S Zhou, Favorite: ,Sheng Hao Zhou, 8475984   size:5.9,Price: ,1.14,Jun Nan Tao, 8622391   size:5.9,Price: ,1.73
1.121467514, Sport: ,Tennis, Time: ,Sat Oct 24 06:30:00 CEST 2015, Time: ,Sat Oct 24 06:30:00 CEST 2015, Event: ,Raja v K Anand, Favorite: ,Purav Raja, 2561169   size:6.35,Price: ,1.04,Kunal Anand, 8256947   size:6.35,Price: ,1.04
1.121467506, Sport: ,Tennis, Time: ,Sat Oct 24 06:30:00 CEST 2015, Time: ,Sat Oct 24 06:30:00 CEST 2015, Event: ,Marquis v Prabodh, Favorite: ,Christopher Marquis, 8283563   size:6.35,Price: ,1.04,Suraj R Prabodh, 8907251   size:6.35,Price: ,1.04
1.121385921, Sport: ,Basketball, Time: ,Sat Oct 24 07:00:00 CEST 2015, Time: ,Sat Oct 24 07:00:00 CEST 2015, Event: ,Goyang Orions v Jeonju KCC Egis, Favorite: ,Jeonju KCC Egis, 8148243   size:10.07,Price: ,1.03,Goyang Orions, 5889518   size:5.0,Price: ,1.27
1.121467520, Sport: ,Tennis, Time: ,Sat Oct 24 08:15:00 CEST 2015, Time: ,Sat Oct 24 08:15:00 CEST 2015, Event: ,Pungliya v Sadhwani, Favorite: ,Jayesh Pungliya, 9635215   size:6.35,Price: ,1.04,Rahul Sadhwani, 10455236   size:6.35,Price: ,1.04
1.121467515, Sport: ,Tennis, Time: ,Sat Oct 24 08:15:00 CEST 2015, Time: ,Sat Oct 24 08:15:00 CEST 2015, Event: ,L Sood v Kirrtane, Favorite: ,Lakshit Sood, 8304095   size:6.35,Price: ,1.04,Nitten Kirrtane, 8923313   size:6.35,Price: ,1.04
1.121467510, Sport: ,Tennis, Time: ,Sat Oct 24 08:15:00 CEST 2015, Time: ,Sat Oct 24 08:15:00 CEST 2015, Event: ,Ahuja v Kaliyanda Poonacha, Favorite: ,Sagar Ahuja, 8256949   size:6.35,Price: ,1.04,Niki Kaliyanda Poonacha, 9127830   size:6.35,Price: ,1.04
1.121369639, Sport: ,Ice Hockey, Time: ,Fri Oct 23 19:30:00 CEST 2015, Time: ,Fri Oct 23 19:30:00 CEST 2015, Event: ,Schwenninger v Straubing, Favorite: ,Schwenninger, 348569   size:11.27,Price: ,1.01,Straubing, 2056823   size:14.2,Price: ,4.0,Tie, 60104   size:14.2,Price: ,4.0
1.121371951, Sport: ,Ice Hockey, Time: ,Fri Oct 23 19:30:00 CEST 2015, Time: ,Fri Oct 23 19:30:00 CEST 2015, Event: ,Rungsted v Frederikshavn, Favorite: ,Rungsted, 70625   size:10.78,Price: ,1.01,Frederikshavn, 70626   size:10.78,Price: ,1.01,Tie, 60104   size:10.78,Price: ,1.01
1.121371954, Sport: ,Ice Hockey, Time: ,Fri Oct 23 19:30:00 CEST 2015, Time: ,Fri Oct 23 19:30:00 CEST 2015, Event: ,SonderjyskE v Odense, Favorite: ,SonderjyskE, 2719119   size:11.27,Price: ,1.01,Odense, 70624   size:11.27,Price: ,1.01,Tie, 60104   size:11.27,Price: ,1.01
1.121386200, Sport: ,Tennis, Time: ,Fri Oct 23 19:30:00 CEST 2015, Time: ,Fri Oct 23 19:30:00 CEST 2015, Event: ,Rojer/Tecau v Kubot/Melo, Favorite: ,Rojer/Tecau, 8176467   size:4.1,Price: ,1.55,Kubot/Melo, 10431514   size:5.3,Price: ,2.52
1.121369608, Sport: ,Ice Hockey, Time: ,Fri Oct 23 19:30:00 CEST 2015, Time: ,Fri Oct 23 19:30:00 CEST 2015, Event: ,EHC Munchen v Dusseldorfer, Favorite: ,Dusseldorfer, 6671675   size:57.6,Price: ,1.74,EHC Munchen, 4923560   size:21.31,Price: ,3.0,Tie, 60104   size:19.82,Price: ,3.15
1.121264505, Sport: ,Soccer, Time: ,Fri Oct 23 20:00:00 CEST 2015, Time: ,Fri Oct 23 20:00:00 CEST 2015, Event: ,Jong Ajax v Fortuna Sittard, Favorite: ,Jong Ajax, 4184832   size:2.78,Price: ,2.16,Fortuna Sittard, 49058   size:276.25,Price: ,3.4,The Draw, 58805   size:55.36,Price: ,3.95
1.121264579, Sport: ,Soccer, Time: ,Fri Oct 23 20:00:00 CEST 2015, Time: ,Fri Oct 23 20:00:00 CEST 2015, Event: ,Go Ahead Eagles v Almere City, Favorite: ,Go Ahead Eagles, 419123   size:2.78,Price: ,1.66,Almere City, 4835124   size:67.5,Price: ,5.4,The Draw, 58805   size:14.23,Price: ,4.5
1.121265018, Sport: ,Soccer, Time: ,Fri Oct 23 20:00:00 CEST 2015, Time: ,Fri Oct 23 20:00:00 CEST 2015, Event: ,FC Oss v Jong PSV, Favorite: ,FC Oss, 4987328   size:277.18,Price: ,2.14,Jong PSV, 3348592   size:48.19,Price: ,3.5,The Draw, 58805   size:91.51,Price: ,3.9
1.121392974, Sport: ,Soccer, Time: ,Fri Oct 23 20:00:00 CEST 2015, Time: ,Fri Oct 23 20:00:00 CEST 2015, Event: ,Corinthians U20 v Sao Paulo FC U20, Favorite: ,Sao Paulo FC U20, 6714726   size:2.43,Price: ,1.06,Corinthians U20, 5187056   size:100.0,Price: ,1.2,The Draw, 58805   size:2.43,Price: ,1.06
1.121390051, Sport: ,Basketball, Time: ,Fri Oct 23 20:00:00 CEST 2015, Time: ,Fri Oct 23 20:00:00 CEST 2015, Event: ,sOliver Wurzburg v Phoenix Hagen, Favorite: ,sOliver Wurzburg, 10371127   size:55.0,Price: ,1.04,Phoenix Hagen, 4228376   size:9.65,Price: ,5.7
1.121264726, Sport: ,Soccer, Time: ,Fri Oct 23 20:00:00 CEST 2015, Time: ,Fri Oct 23 20:00:00 CEST 2015, Event: ,FC Eindhoven v Waalwijk, Favorite: ,FC Eindhoven, 503439   size:901.92,Price: ,1.7,Waalwijk, 48447   size:33.43,Price: ,5.4,The Draw, 58805   size:45.94,Price: ,4.2
1.121264283, Sport: ,Soccer, Time: ,Fri Oct 23 20:00:00 CEST 2015, Time: ,Fri Oct 23 20:00:00 CEST 2015, Event: ,Breda v Sparta Rotterdam, Favorite: ,Breda, 48448   size:110.08,Price: ,2.46,Sparta Rotterdam, 111703   size:32.03,Price: ,2.86,The Draw, 58805   size:44.22,Price: ,3.85
1.121264357, Sport: ,Soccer, Time: ,Fri Oct 23 20:00:00 CEST 2015, Time: ,Fri Oct 23 20:00:00 CEST 2015, Event: ,Den Bosch v VVV, Favorite: ,VVV, 503419   size:245.91,Price: ,1.56,Den Bosch, 48452   size:96.43,Price: ,6.2,The Draw, 58805   size:8.35,Price: ,4.7
1.121264872, Sport: ,Soccer, Time: ,Fri Oct 23 20:00:00 CEST 2015, Time: ,Fri Oct 23 20:00:00 CEST 2015, Event: ,Volendam v Emmen, Favorite: ,Volendam, 419133   size:658.71,Price: ,2.08,Emmen, 419126   size:51.54,Price: ,3.4,The Draw, 58805   size:177.53,Price: ,4.1
1.121369615, Sport: ,Soccer, Time: ,Fri Oct 23 20:00:00 CEST 2015, Time: ,Fri Oct 23 20:00:00 CEST 2015, Event: ,Tottenham U21 v Liverpool U21, Favorite: ,Tottenham U21, 6615322   size:2.43,Price: ,1.06,Liverpool U21, 6614442   size:2.43,Price: ,1.06,The Draw, 58805   size:2.43,Price: ,1.06
1.121265167, Sport: ,Soccer, Time: ,Fri Oct 23 20:00:00 CEST 2015, Time: ,Fri Oct 23 20:00:00 CEST 2015, Event: ,Telstar v Achilles 29, Favorite: ,Telstar, 67163   size:92.91,Price: ,1.62,Achilles 29, 4189472   size:4.3,Price: ,5.5,The Draw, 58805   size:29.47,Price: ,4.4
1.121386205, Sport: ,Tennis, Time: ,Fri Oct 23 20:15:00 CEST 2015, Time: ,Fri Oct 23 20:15:00 CEST 2015, Event: ,M Baghdatis v G Muller, Favorite: ,Gilles Muller, 2248579   size:99.49,Price: ,1.73,Marcos Baghdatis, 2256469   size:125.72,Price: ,2.32
1.121392864, Sport: ,Soccer, Time: ,Fri Oct 23 20:15:00 CEST 2015, Time: ,Fri Oct 23 20:15:00 CEST 2015, Event: ,Rabat Ajax FC v Msida Saint-Joseph FC, Favorite: ,Rabat Ajax FC, 6618704   size:4.88,Price: ,1.14,Msida Saint-Joseph FC, 8019720   size:3.55,Price: ,11.0,The Draw, 58805   size:30.96,Price: ,6.4
1.121350537, Sport: ,Basketball, Time: ,Fri Oct 23 20:30:00 CEST 2015, Time: ,Fri Oct 23 20:30:00 CEST 2015, Event: ,Laboral Kutxa v Olympiacos, Favorite: ,Olympiacos, 278582   size:72.65,Price: ,1.78,Laboral Kutxa, 7735599   size:2.24,Price: ,2.28
1.121245192, Sport: ,Soccer, Time: ,Fri Oct 23 20:30:00 CEST 2015, Time: ,Fri Oct 23 20:30:00 CEST 2015, Event: ,Hoffenheim v Hamburg, Favorite: ,Hoffenheim, 208026   size:2982.99,Price: ,2.0,Hamburg, 204703   size:1266.97,Price: ,4.0,The Draw, 58805   size:1952.13,Price: ,3.8
1.121245309, Sport: ,Soccer, Time: ,Fri Oct 23 20:30:00 CEST 2015, Time: ,Fri Oct 23 20:30:00 CEST 2015, Event: ,Lyon v Toulouse, Favorite: ,Lyon, 55271   size:3402.2,Price: ,1.75,Toulouse, 305969   size:63.61,Price: ,5.7,The Draw, 58805   size:933.5,Price: ,3.9
1.121389774, Sport: ,Basketball, Time: ,Fri Oct 23 20:30:00 CEST 2015, Time: ,Fri Oct 23 20:30:00 CEST 2015, Event: ,Worcester v Leeds, Favorite: ,Worcester, 2939195   size:5.57,Price: ,1.02,Leeds, 8862089   size:34.19,Price: ,10.0
1.121376331, Sport: ,Basketball, Time: ,Fri Oct 23 20:30:00 CEST 2015, Time: ,Fri Oct 23 20:30:00 CEST 2015, Event: ,Antibes v Chalons Reims, Favorite: ,Antibes, 5467755   size:4.21,Price: ,1.51,Chalons Reims, 6736111   size:2.52,Price: ,2.52
1.121350528, Sport: ,Basketball, Time: ,Fri Oct 23 20:45:00 CEST 2015, Time: ,Fri Oct 23 20:45:00 CEST 2015, Event: ,Dinamo Sassari v CSKA Moscow, Favorite: ,CSKA Moscow, 266272   size:786.17,Price: ,1.12,Dinamo Sassari, 5520916   size:27.26,Price: ,7.6
1.121244948, Sport: ,Soccer, Time: ,Fri Oct 23 20:45:00 CEST 2015, Time: ,Fri Oct 23 20:45:00 CEST 2015, Event: ,Rotherham v Sheff Wed, Favorite: ,Sheff Wed, 47992   size:2114.18,Price: ,2.46,Rotherham, 18565   size:414.93,Price: ,3.25,The Draw, 58805   size:7161.64,Price: ,3.45
1.121350546, Sport: ,Basketball, Time: ,Fri Oct 23 20:45:00 CEST 2015, Time: ,Fri Oct 23 20:45:00 CEST 2015, Event: ,Strasbourg v Fenerbahce, Favorite: ,Fenerbahce, 631290   size:1670.12,Price: ,1.2,Strasbourg, 1193143   size:413.16,Price: ,4.6
1.121350511, Sport: ,Basketball, Time: ,Fri Oct 23 21:00:00 CEST 2015, Time: ,Fri Oct 23 21:00:00 CEST 2015, Event: ,Barcelona v Zielona Gora, Favorite: ,Barcelona, 266269   size:1456.87,Price: ,1.03,Zielona Gora, 6703617   size:3.0,Price: ,22.0
1.121390165, Sport: ,Basketball, Time: ,Fri Oct 23 21:00:00 CEST 2015, Time: ,Fri Oct 23 21:00:00 CEST 2015, Event: ,Palencia v San Pablo Inmobiliaria, Favorite: ,Palencia, 4661101   size:2.55,Price: ,1.48,San Pablo Inmobiliaria, 10396896   size:2.55,Price: ,2.64
1.121390163, Sport: ,Basketball, Time: ,Fri Oct 23 21:00:00 CEST 2015, Time: ,Fri Oct 23 21:00:00 CEST 2015, Event: ,Melilla v Palma, Favorite: ,Melilla, 4661088   size:2.55,Price: ,1.39,Palma, 8832822   size:2.55,Price: ,2.86
1.121390162, Sport: ,Basketball, Time: ,Fri Oct 23 21:00:00 CEST 2015, Time: ,Fri Oct 23 21:00:00 CEST 2015, Event: ,Lleida v Amics Castelló, Favorite: ,Lleida, 5021018   size:2.92,Price: ,1.59,Amics Castelló, 10370721   size:2.44,Price: ,2.6
1.121390161, Sport: ,Basketball, Time: ,Fri Oct 23 21:00:00 CEST 2015, Time: ,Fri Oct 23 21:00:00 CEST 2015, Event: ,Caceres v Cocinas Clavijo, Favorite: ,Caceres, 4661098   size:12.03,Price: ,1.81,Cocinas Clavijo, 7736139   size:11.64,Price: ,1.87
1.121376330, Sport: ,Basketball, Time: ,Fri Oct 23 21:00:00 CEST 2015, Time: ,Fri Oct 23 21:00:00 CEST 2015, Event: ,Vojvodina v Napredak Rubin, Favorite: ,Vojvodina, 1275949   size:5.57,Price: ,1.02,Napredak Rubin, 7735779   size:57.14,Price: ,1.14
1.121259505, Sport: ,Soccer, Time: ,Sat Oct 24 01:00:00 CEST 2015, Time: ,Sat Oct 24 01:00:00 CEST 2015, Event: ,America MG v Oeste, Favorite: ,America MG, 4516149   size:574.62,Price: ,1.45,Oeste, 3618374   size:10.94,Price: ,9.6,The Draw, 58805   size:362.31,Price: ,4.5
1.121259699, Sport: ,Soccer, Time: ,Sat Oct 24 01:00:00 CEST 2015, Time: ,Sat Oct 24 01:00:00 CEST 2015, Event: ,Macae v Mogi Mirim, Favorite: ,Macae, 2763328   size:4.71,Price: ,1.52,Mogi Mirim, 1039199   size:69.47,Price: ,7.4,The Draw, 58805   size:378.62,Price: ,4.4
1.121370592, Sport: ,Soccer, Time: ,Sat Oct 24 01:30:00 CEST 2015, Time: ,Sat Oct 24 01:30:00 CEST 2015, Event: ,Plaza Colonia v Defensor Sporting, Favorite: ,Defensor Sporting, 1222679   size:31.42,Price: ,2.7,Plaza Colonia, 10149637   size:92.6,Price: ,3.0,The Draw, 58805   size:47.84,Price: ,3.3
1.121356713, Sport: ,American Football, Time: ,Sat Oct 24 02:00:00 CEST 2015, Time: ,Sat Oct 24 02:00:00 CEST 2015, Event: ,Memphis @ Tulsa, Favorite: ,Memphis, 975027   size:176.59,Price: ,1.24,Tulsa, 612810   size:5.0,Price: ,4.7
1.121358658, Sport: ,Soccer, Time: ,Sat Oct 24 02:30:00 CEST 2015, Time: ,Sat Oct 24 02:30:00 CEST 2015, Event: ,LDU Loja v Univ Catolica (Ecu), Favorite: ,LDU Loja, 6001716   size:5.0,Price: ,2.3,Univ Catolica (Ecu), 7005170   size:32.47,Price: ,3.4,The Draw, 58805   size:234.98,Price: ,3.3
1.121454636, Sport: ,Tennis, Time: ,Sat Oct 24 08:00:00 CEST 2015, Time: ,Sat Oct 24 08:00:00 CEST 2015, Event: ,Z Yi Chao v Cheng-P Hsieh, Favorite: ,Zhao Yi Chao, 10454322   size:6.35,Price: ,1.04,Cheng-Peng Hsieh, 8490917   size:6.35,Price: ,1.04
1.121390137, Sport: ,Basketball, Time: ,Sat Oct 24 08:00:00 CEST 2015, Time: ,Sat Oct 24 08:00:00 CEST 2015, Event: ,Kyoto v Hiroshima Lightning, Favorite: ,Kyoto, 6718536   size:8.47,Price: ,1.03,Hiroshima Lightning, 10364960   size:5.9,Price: ,1.11
1.121385917, Sport: ,Basketball, Time: ,Sat Oct 24 09:00:00 CEST 2015, Time: ,Sat Oct 24 09:00:00 CEST 2015, Event: ,Changwon Sakers v Ulsan Mobis Phoebus, Favorite: ,Ulsan Mobis Phoebus, 8998222   size:22.83,Price: ,1.39,Changwon Sakers, 10276571   size:6.45,Price: ,3.1
1.121453760, Sport: ,Soccer, Time: ,Sat Oct 24 09:00:00 CEST 2015, Time: ,Sat Oct 24 09:00:00 CEST 2015, Event: ,NK Sesvete U19 v Lokomotiva Zagreb U19, Favorite: ,NK Sesvete U19, 10325216   size:31.08,Price: ,1.02,Lokomotiva Zagreb U19, 7304534   size:31.08,Price: ,1.02,The Draw, 58805   size:2.78,Price: ,1.25
1.121265470, Sport: ,Soccer, Time: ,Fri Oct 23 19:30:00 CEST 2015, Time: ,Fri Oct 23 19:30:00 CEST 2015, Event: ,ACS Poli Timisoara v CFR Cluj, Favorite: ,CFR Cluj, 1193695   size:200.99,Price: ,1.55,ACS Poli Timisoara, 6809287   size:2.78,Price: ,9.4,The Draw, 58805   size:2.78,Price: ,3.85
1.121431706, Sport: ,Tennis, Time: ,Fri Oct 23 19:41:00 CEST 2015, Time: ,Fri Oct 23 19:41:00 CEST 2015, Event: ,Paire v Guez, Favorite: ,Benoit Paire, 3911345   size:3098.4,Price: ,1.12,David Guez, 2263683   size:425.42,Price: ,6.6
1.121252498, Sport: ,Soccer, Time: ,Fri Oct 23 20:00:00 CEST 2015, Time: ,Fri Oct 23 20:00:00 CEST 2015, Event: ,Le Havre v Sochaux, Favorite: ,Sochaux, 44796   size:76.33,Price: ,1.98,Le Havre, 70446   size:35.08,Price: ,4.5,The Draw, 58805   size:11.51,Price: ,3.5
1.121252318, Sport: ,Soccer, Time: ,Fri Oct 23 21:00:00 CEST 2015, Time: ,Fri Oct 23 21:00:00 CEST 2015, Event: ,Vicenza v Novara, Favorite: ,Vicenza, 7338   size:61.02,Price: ,2.6,Novara, 522045   size:101.59,Price: ,3.3,The Draw, 58805   size:1571.87,Price: ,3.1
1.121349952, Sport: ,Ice Hockey, Time: ,Sat Oct 24 01:05:00 CEST 2015, Time: ,Sat Oct 24 01:05:00 CEST 2015, Event: ,Montreal @ Buffalo, Favorite: ,Montreal, 2112345   size:5.0,Price: ,2.1,Buffalo, 4427593   size:107.51,Price: ,3.2,Tie, 60104   size:72.51,Price: ,4.2
1.121349957, Sport: ,Ice Hockey, Time: ,Sat Oct 24 01:35:00 CEST 2015, Time: ,Sat Oct 24 01:35:00 CEST 2015, Event: ,Boston @ NY Islanders, Favorite: ,NY Islanders, 60105   size:34.61,Price: ,2.02,Boston, 2112316   size:506.0,Price: ,3.25,Tie, 60104   size:103.21,Price: ,4.4
1.121349976, Sport: ,Ice Hockey, Time: ,Sat Oct 24 03:05:00 CEST 2015, Time: ,Sat Oct 24 03:05:00 CEST 2015, Event: ,Washington @ Edmonton, Favorite: ,Washington, 2109756   size:2.89,Price: ,2.54,Edmonton, 2109967   size:120.68,Price: ,2.64,Tie, 60104   size:108.46,Price: ,4.1
1.121349971, Sport: ,Ice Hockey, Time: ,Sat Oct 24 03:05:00 CEST 2015, Time: ,Sat Oct 24 03:05:00 CEST 2015, Event: ,Detroit @ Calgary, Favorite: ,Detroit, 975676   size:274.0,Price: ,2.54,Calgary, 975675   size:112.44,Price: ,2.6,Tie, 60104   size:273.49,Price: ,3.95
1.121287892, Sport: ,Soccer, Time: ,Sat Oct 24 07:00:00 CEST 2015, Time: ,Sat Oct 24 07:00:00 CEST 2015, Event: ,Yokogawa Musashino v FC Osaka, Favorite: ,Yokogawa Musashino, 4233874   size:10.89,Price: ,1.1,FC Osaka, 9301693   size:10.89,Price: ,1.1,The Draw, 58805   size:10.89,Price: ,1.29
1.121057470, Sport: ,Cricket, Time: ,Sat Oct 24 09:30:00 CEST 2015, Time: ,Sat Oct 24 09:30:00 CEST 2015, Event: ,Zimbabwe v Afghanistan (5th ODI), Favorite: ,Zimbabwe, 1006   size:2.72,Price: ,1.43,Afghanistan, 3786094   size:2.72,Price: ,2.96
1.121393863, Sport: ,Soccer, Time: ,Sat Oct 24 10:00:00 CEST 2015, Time: ,Sat Oct 24 10:00:00 CEST 2015, Event: ,Zenit St Petersburg (Y) v Anzhi (Y), Favorite: ,Zenit St Petersburg (Y), 6289889   size:8.0,Price: ,1.39,Anzhi (Y), 10319700   size:8.0,Price: ,3.25,The Draw, 58805   size:18.55,Price: ,3.0
