1.119229396, Sport: ,Bowls, Time: ,Mon Jul 13 10:00:00 CEST 2015, Time: ,Mon Jul 13 10:00:00 CEST 2015, Event: ,Stone v Paxton, Favorite: ,Robert Paxton, 2628010   size:2.93,Price: ,1.7,Tim Stone, 2292754   size:12.31,Price: ,2.12,
1.119376341, Sport: ,Cricket, Time: ,Mon Jul 13 12:00:00 CEST 2015, Time: ,Mon Jul 13 12:00:00 CEST 2015, Event: ,Surrey v Kent, Favorite: ,Surrey, 424676   size:2.79,Price: ,2.2,The Draw, 60443   size:2.54,Price: ,2.36,Kent, 5901   size:72.78,Price: ,4.0,
1.119470006, Sport: ,Tennis, Time: ,Mon Jul 13 12:00:00 CEST 2015, Time: ,Mon Jul 13 12:00:00 CEST 2015, Event: ,Lamasine v Pavlasek, Favorite: ,Adam Pavlasek, 8494652   size:13.91,Price: ,1.3,Tristan Lamasine, 8428332   size:30.27,Price: ,3.75,
1.119482381, Sport: ,Tennis, Time: ,Mon Jul 13 12:30:00 CEST 2015, Time: ,Mon Jul 13 12:30:00 CEST 2015, Event: ,Burnett v Rus, Favorite: ,Nastassja Burnett, 6373914   size:7.32,Price: ,1.89,Arantxa Rus, 2451050   size:5.75,Price: ,1.92,
1.119470002, Sport: ,Tennis, Time: ,Mon Jul 13 13:30:00 CEST 2015, Time: ,Mon Jul 13 13:30:00 CEST 2015, Event: ,Cervantes v Albot, Favorite: ,Inigo Cervantes, 6297238   size:8.57,Price: ,1.42,Radu Albot, 6603898   size:4.64,Price: ,3.25,
1.119469990, Sport: ,Tennis, Time: ,Mon Jul 13 13:45:00 CEST 2015, Time: ,Mon Jul 13 13:45:00 CEST 2015, Event: ,Munoz-De La Nava v Krstin, Favorite: ,Daniel Munoz-de la Nava, 8259000   size:2.81,Price: ,1.32,Pedja Krstin, 8257862   size:32.92,Price: ,3.4,
1.119480304, Sport: ,Tennis, Time: ,Mon Jul 13 14:00:00 CEST 2015, Time: ,Mon Jul 13 14:00:00 CEST 2015, Event: ,Siniakova v Beygelzimer, Favorite: ,Katerina Siniakova, 7137442   size:4.81,Price: ,1.28,Yuliya Beygelzimer, 3674505   size:239.44,Price: ,4.1,
1.119480307, Sport: ,Tennis, Time: ,Mon Jul 13 14:00:00 CEST 2015, Time: ,Mon Jul 13 14:00:00 CEST 2015, Event: ,Bertens v Barthel, Favorite: ,Kiki Bertens, 5611697   size:122.5,Price: ,1.83,Mona Barthel, 5056975   size:5.86,Price: ,2.18,
1.119478558, Sport: ,Basketball, Time: ,Mon Jul 13 14:15:00 CEST 2015, Time: ,Mon Jul 13 14:15:00 CEST 2015, Event: ,Croatia v Great Britain, Favorite: ,Great Britain, 2517207   size:12.52,Price: ,1.01,
1.119480048, Sport: ,Tennis, Time: ,Mon Jul 13 14:30:00 CEST 2015, Time: ,Mon Jul 13 14:30:00 CEST 2015, Event: ,Klepac/Krunic v Strakhova/Vasylyeva, Favorite: ,Klepac/Krunic, 9946219   size:6.41,Price: ,1.29,Strakhova/Vasylyeva, 9946220   size:2.55,Price: ,3.9,
1.119481026, Sport: ,Tennis, Time: ,Mon Jul 13 15:30:00 CEST 2015, Time: ,Mon Jul 13 15:30:00 CEST 2015, Event: ,Chan/Chan v Rodina/Vogt, Favorite: ,Chan/Chan, 2035578   size:9.7,Price: ,1.25,Rodina/Vogt, 9946919   size:7.25,Price: ,3.25,
1.119470007, Sport: ,Tennis, Time: ,Mon Jul 13 15:30:00 CEST 2015, Time: ,Mon Jul 13 15:30:00 CEST 2015, Event: ,Klec v Riba, Favorite: ,Pere Riba, 2489421   size:17.29,Price: ,1.16,Ivo Klec, 2743820   size:15.91,Price: ,5.1,
1.119480053, Sport: ,Tennis, Time: ,Mon Jul 13 16:00:00 CEST 2015, Time: ,Mon Jul 13 16:00:00 CEST 2015, Event: ,Cristian/Ruse v Bogdan/Cadantu, Favorite: ,Bogdan/Cadantu, 7076205   size:5.13,Price: ,1.2,Cristian/Ruse, 9946224   size:7.22,Price: ,3.85,
1.119478561, Sport: ,Basketball, Time: ,Mon Jul 13 16:00:00 CEST 2015, Time: ,Mon Jul 13 16:00:00 CEST 2015, Event: ,Germany v Spain, Favorite: ,Spain, 208006   size:12.52,Price: ,1.01,Germany, 208009   size:5.71,Price: ,1.3,
1.119329748, Sport: ,Soccer, Time: ,Mon Jul 13 16:00:00 CEST 2015, Time: ,Mon Jul 13 16:00:00 CEST 2015, Event: ,Johor Darul Takzim v Selangor, Favorite: ,Johor Darul Takzim, 6958480   size:10.62,Price: ,1.78,The Draw, 58805   size:5.52,Price: ,3.7,Selangor, 5391095   size:2.78,Price: ,4.3,
1.119478564, Sport: ,Basketball, Time: ,Mon Jul 13 16:30:00 CEST 2015, Time: ,Mon Jul 13 16:30:00 CEST 2015, Event: ,Latvia v France, Favorite: ,France, 512600   size:12.52,Price: ,1.01,
1.119478568, Sport: ,Basketball, Time: ,Mon Jul 13 16:30:00 CEST 2015, Time: ,Mon Jul 13 16:30:00 CEST 2015, Event: ,Bosnia and H v Slovenia, Favorite: ,Slovenia, 512605   size:12.52,Price: ,1.01,
1.119470027, Sport: ,Tennis, Time: ,Mon Jul 13 17:00:00 CEST 2015, Time: ,Mon Jul 13 17:00:00 CEST 2015, Event: ,Ymer v Souza, Favorite: ,Elias Ymer, 7414305   size:80.12,Price: ,1.79,Joao Souza, 4490590   size:4.98,Price: ,2.14,
1.119487150, Sport: ,Tennis, Time: ,Mon Jul 13 17:00:00 CEST 2015, Time: ,Mon Jul 13 17:00:00 CEST 2015, Event: ,Saville v Pavic, Favorite: ,Luke Saville, 6965426   size:71.43,Price: ,1.66,Ante Pavic, 5224080   size:10.11,Price: ,2.48,
1.119370578, Sport: ,Soccer, Time: ,Mon Jul 13 17:30:00 CEST 2015, Time: ,Mon Jul 13 17:30:00 CEST 2015, Event: ,FC Inter v IFK Mariehamn, Favorite: ,FC Inter, 139505   size:83.06,Price: ,2.52,IFK Mariehamn, 1099216   size:38.84,Price: ,3.15,The Draw, 58805   size:661.4,Price: ,3.45,
1.119476371, Sport: ,Tennis, Time: ,Mon Jul 13 17:30:00 CEST 2015, Time: ,Mon Jul 13 17:30:00 CEST 2015, Event: ,Gojowczyk v Safwat, Favorite: ,Peter Gojowczyk, 4691416   size:4.98,Price: ,1.55,Mohamed Safwat, 6948116   size:3.35,Price: ,2.54,
1.119369210, Sport: ,Soccer, Time: ,Mon Jul 13 18:00:00 CEST 2015, Time: ,Mon Jul 13 18:00:00 CEST 2015, Event: ,Tulevik Viljandi v Flora Tallinn, Favorite: ,Flora Tallinn, 180590   size:18.51,Price: ,1.41,The Draw, 58805   size:4.01,Price: ,4.6,Tulevik Viljandi, 6242675   size:4.98,Price: ,7.8,
1.119368916, Sport: ,Soccer, Time: ,Mon Jul 13 18:00:00 CEST 2015, Time: ,Mon Jul 13 18:00:00 CEST 2015, Event: ,Paide Linnameeskond v Sillamae Kalev, Favorite: ,Sillamae Kalev, 4837259   size:83.64,Price: ,1.42,The Draw, 58805   size:3.54,Price: ,5.0,Paide Linnameeskond, 5407316   size:19.2,Price: ,7.2,
1.119369063, Sport: ,Soccer, Time: ,Mon Jul 13 18:00:00 CEST 2015, Time: ,Mon Jul 13 18:00:00 CEST 2015, Event: ,Tammeka Tartu v Nomme Kalju, Favorite: ,Nomme Kalju, 4007449   size:4.77,Price: ,1.29,The Draw, 58805   size:2.1,Price: ,5.9,Tammeka Tartu, 5407303   size:3.69,Price: ,11.5,
1.119482369, Sport: ,Soccer, Time: ,Mon Jul 13 18:00:00 CEST 2015, Time: ,Mon Jul 13 18:00:00 CEST 2015, Event: ,SSD Verbania v QPR U21, Favorite: ,QPR U21, 6808103   size:4.67,Price: ,1.32,The Draw, 58805   size:4.33,Price: ,3.65,SSD Verbania, 9948269   size:6.55,Price: ,4.2,
1.119487217, Sport: ,Tennis, Time: ,Mon Jul 13 18:45:00 CEST 2015, Time: ,Mon Jul 13 18:45:00 CEST 2015, Event: ,Klein v Bossel, Favorite: ,Brydan Klein, 2759763   size:77.47,Price: ,1.49,Adrien Bossel, 7364079   size:4.01,Price: ,2.9,
1.119487367, Sport: ,Tennis, Time: ,Mon Jul 13 18:45:00 CEST 2015, Time: ,Mon Jul 13 18:45:00 CEST 2015, Event: ,Ebden v Jung, Favorite: ,Matthew Ebden, 4423910   size:4.94,Price: ,1.25,Jason Jung, 7048850   size:2.78,Price: ,4.4,
1.119386337, Sport: ,Soccer, Time: ,Mon Jul 13 20:00:00 CEST 2015, Time: ,Mon Jul 13 20:00:00 CEST 2015, Event: ,ACS Poli Timisoara v Pandurii, Favorite: ,Pandurii, 1556995   size:85.21,Price: ,2.56,ACS Poli Timisoara, 6809287   size:135.55,Price: ,3.05,The Draw, 58805   size:150.85,Price: ,3.3,
1.119412420, Sport: ,Soccer, Time: ,Mon Jul 13 20:00:00 CEST 2015, Time: ,Mon Jul 13 20:00:00 CEST 2015, Event: ,Chacarita v Los Andes, Favorite: ,Chacarita, 192084   size:7.85,Price: ,2.54,The Draw, 58805   size:4.98,Price: ,2.94,Los Andes, 5564448   size:56.2,Price: ,3.3,
1.119478739, Sport: ,Tennis, Time: ,Mon Jul 13 20:30:00 CEST 2015, Time: ,Mon Jul 13 20:30:00 CEST 2015, Event: ,Rubin v Ito, Favorite: ,Tatsuma Ito, 3374118   size:53.03,Price: ,1.36,Noah Rubin, 7593248   size:2.54,Price: ,3.35,
1.119370436, Sport: ,Soccer, Time: ,Mon Jul 13 21:15:00 CEST 2015, Time: ,Mon Jul 13 21:15:00 CEST 2015, Event: ,Leiknir R v Keflavik, Favorite: ,Leiknir R, 4744864   size:10.62,Price: ,2.24,Keflavik, 808414   size:17.49,Price: ,3.35,The Draw, 58805   size:102.75,Price: ,3.7,
1.119476341, Sport: ,Tennis, Time: ,Mon Jul 13 21:30:00 CEST 2015, Time: ,Mon Jul 13 21:30:00 CEST 2015, Event: ,S Napolitano v Lindell, Favorite: ,Christian Lindell, 4843189   size:18.11,Price: ,1.51,Stefano Napolitano, 8257870   size:11.13,Price: ,2.84,
1.119425313, Sport: ,Basketball, Time: ,Tue Jul 14 00:00:00 CEST 2015, Time: ,Tue Jul 14 00:00:00 CEST 2015, Event: ,Dallas v Atlanta, Favorite: ,Atlanta, 13114   size:2.78,Price: ,1.02,
1.119425335, Sport: ,Basketball, Time: ,Tue Jul 14 00:30:00 CEST 2015, Time: ,Tue Jul 14 00:30:00 CEST 2015, Event: ,Golden State v Sacramento, Favorite: ,Sacramento, 13127   size:2.78,Price: ,1.02,
1.119412490, Sport: ,Soccer, Time: ,Tue Jul 14 01:00:00 CEST 2015, Time: ,Tue Jul 14 01:00:00 CEST 2015, Event: ,Independiente Rivadavia v Sportivo Belgrano, Favorite: ,Independiente Rivadavia, 5333044   size:7.01,Price: ,2.04,The Draw, 58805   size:11.0,Price: ,3.05,Sportivo Belgrano, 5971675   size:4.79,Price: ,4.5,
1.119481182, Sport: ,Tennis, Time: ,Tue Jul 14 05:00:00 CEST 2015, Time: ,Tue Jul 14 05:00:00 CEST 2015, Event: ,Luangnam v Cheapchandej, Favorite: ,Nudnida Luangnam, 2301147   size:84.36,Price: ,1.03,Patcharin Cheapchandej, 9629951   size:7.77,Price: ,1.64,
1.119481175, Sport: ,Tennis, Time: ,Tue Jul 14 05:00:00 CEST 2015, Time: ,Tue Jul 14 05:00:00 CEST 2015, Event: ,Dart v Okamura, Favorite: ,Kyoka Okamura, 8887170   size:84.36,Price: ,1.03,
1.119481189, Sport: ,Tennis, Time: ,Tue Jul 14 06:30:00 CEST 2015, Time: ,Tue Jul 14 06:30:00 CEST 2015, Event: ,Miyamura v Lertpitaksinchai, Favorite: ,Nicha Lertpitaksinchai, 3673415   size:84.36,Price: ,1.03,Miki Miyamura, 7445677   size:13.48,Price: ,1.17,
1.119481176, Sport: ,Tennis, Time: ,Tue Jul 14 06:30:00 CEST 2015, Time: ,Tue Jul 14 06:30:00 CEST 2015, Event: ,Omae v E Sema, Favorite: ,Erika Sema, 4151738   size:84.36,Price: ,1.03,Akiko Omae, 7749858   size:13.97,Price: ,1.16,
1.119481188, Sport: ,Tennis, Time: ,Tue Jul 14 08:00:00 CEST 2015, Time: ,Tue Jul 14 08:00:00 CEST 2015, Event: ,Higuchi v Wannasuk, Favorite: ,Nungnadda Wannasuk, 5303663   size:84.36,Price: ,1.03,Yuka Higuchi, 7657221   size:13.97,Price: ,1.16,
1.119296423, Sport: ,Cricket, Time: ,Tue Jul 14 09:00:00 CEST 2015, Time: ,Tue Jul 14 09:00:00 CEST 2015, Event: ,South Africa U19 v Bangladesh U19 (5th ODI), Favorite: ,Bangladesh U19, 910426   size:3.4,Price: ,1.06,South Africa U19, 2858004   size:5.71,Price: ,1.5,
1.119480198, Sport: ,Tennis, Time: ,Mon Jul 13 11:00:00 CEST 2015, Time: ,Mon Jul 13 11:00:00 CEST 2015, Event: ,Kontaveit v Brianti, Favorite: ,Anett Kontaveit, 5300737   size:1662.66,Price: ,1.35,Alberta Brianti, 2264534   size:13.15,Price: ,3.5,
1.119388392, Sport: ,Cricket, Time: ,Mon Jul 13 11:00:00 CEST 2015, Time: ,Mon Jul 13 11:00:00 CEST 2015, Event: ,Namibia v USA, Favorite: ,Namibia, 144199   size:559.96,Price: ,1.46,USA, 891555   size:15.98,Price: ,3.0,
1.119229537, Sport: ,Bowls, Time: ,Mon Jul 13 11:00:00 CEST 2015, Time: ,Mon Jul 13 11:00:00 CEST 2015, Event: ,Field v Stone, Favorite: ,Tim Stone, 2292754   size:0.0,Price: ,0.0,
1.119229608, Sport: ,Bowls, Time: ,Mon Jul 13 12:00:00 CEST 2015, Time: ,Mon Jul 13 12:00:00 CEST 2015, Event: ,Rowlands v Paxton, Favorite: ,Robert Paxton, 2628010   size:0.0,Price: ,0.0,
1.119482301, Sport: ,Tennis, Time: ,Mon Jul 13 12:30:00 CEST 2015, Time: ,Mon Jul 13 12:30:00 CEST 2015, Event: ,Lim v Pous-Tio, Favorite: ,Laura Pous-Tio, 8443238   size:2.54,Price: ,1.53,Alizé Lim, 8304357   size:4.94,Price: ,2.56,
1.119481919, Sport: ,Tennis, Time: ,Mon Jul 13 13:00:00 CEST 2015, Time: ,Mon Jul 13 13:00:00 CEST 2015, Event: ,Kasatkina v Sakkari, Favorite: ,Daria Kasatkina, 7795290   size:4.84,Price: ,1.27,Maria Sakkari, 9002331   size:16.71,Price: ,3.9,
1.119229679, Sport: ,Bowls, Time: ,Mon Jul 13 13:00:00 CEST 2015, Time: ,Mon Jul 13 13:00:00 CEST 2015, Event: ,Paxton v Field, Favorite: ,Rebecca Field, 6011350   size:0.0,Price: ,0.0,
1.119487038, Sport: ,Tennis, Time: ,Mon Jul 13 13:00:00 CEST 2015, Time: ,Mon Jul 13 13:00:00 CEST 2015, Event: ,Jani v Buzarnescu, Favorite: ,Reka-Luca Jani, 8679179   size:49.91,Price: ,1.61,Mihaela Buzarnescu, 5776800   size:4.63,Price: ,2.38,
1.119369708, Sport: ,Soccer, Time: ,Mon Jul 13 14:00:00 CEST 2015, Time: ,Mon Jul 13 14:00:00 CEST 2015, Event: ,Hougang Utd (Res) v Warriors (Res), Favorite: ,Hougang Utd (Res), 6329598   size:6.12,Price: ,1.4,Warriors (Res), 7128596   size:3.4,Price: ,3.55,The Draw, 58805   size:3.23,Price: ,5.0,
1.119478555, Sport: ,Basketball, Time: ,Mon Jul 13 14:15:00 CEST 2015, Time: ,Mon Jul 13 14:15:00 CEST 2015, Event: ,Lithuania v Czech Republic, Favorite: ,Czech Republic, 1228989   size:12.52,Price: ,1.01,Lithuania, 512601   size:5.71,Price: ,1.34,
1.119482686, Sport: ,Tennis, Time: ,Mon Jul 13 14:30:00 CEST 2015, Time: ,Mon Jul 13 14:30:00 CEST 2015, Event: ,Sergiienko v Konecny, Favorite: ,Michal Konecny, 8522533   size:43.99,Price: ,1.03,
1.119487030, Sport: ,Tennis, Time: ,Mon Jul 13 15:00:00 CEST 2015, Time: ,Mon Jul 13 15:00:00 CEST 2015, Event: ,Linzer v Eriksson, Favorite: ,Michael Linzer, 7216260   size:2.54,Price: ,1.44,Markus Eriksson, 6670613   size:2.54,Price: ,2.46,
1.119388402, Sport: ,Cricket, Time: ,Mon Jul 13 15:15:00 CEST 2015, Time: ,Mon Jul 13 15:15:00 CEST 2015, Event: ,Ireland v Nepal, Favorite: ,Ireland, 152530   size:2.69,Price: ,1.19,Nepal, 2857971   size:2.54,Price: ,4.6,
1.119480280, Sport: ,Tennis, Time: ,Mon Jul 13 15:30:00 CEST 2015, Time: ,Mon Jul 13 15:30:00 CEST 2015, Event: ,Glushko v Stosur, Favorite: ,Samantha Stosur, 2248502   size:14.86,Price: ,1.11,Julia Glushko, 5321877   size:38.86,Price: ,7.6,
1.119477103, Sport: ,Soccer, Time: ,Mon Jul 13 16:00:00 CEST 2015, Time: ,Mon Jul 13 16:00:00 CEST 2015, Event: ,Balikesirspor v Elazigspor, Favorite: ,Elazigspor, 196063   size:5.81,Price: ,1.11,The Draw, 58805   size:2.78,Price: ,1.25,
1.119482294, Sport: ,Soccer, Time: ,Mon Jul 13 17:00:00 CEST 2015, Time: ,Mon Jul 13 17:00:00 CEST 2015, Event: ,Eskisehirspor v Olmaliq, Favorite: ,Eskisehirspor, 2080746   size:136.49,Price: ,1.07,Olmaliq, 5649889   size:5.81,Price: ,1.11,The Draw, 58805   size:43.75,Price: ,3.05,
1.119487198, Sport: ,Tennis, Time: ,Mon Jul 13 17:00:00 CEST 2015, Time: ,Mon Jul 13 17:00:00 CEST 2015, Event: ,Hernych v Cunha, Favorite: ,Jan Hernych, 2249394   size:6.57,Price: ,1.3,Henrique Cunha, 7444875   size:81.83,Price: ,4.2,
1.119480561, Sport: ,Soccer, Time: ,Mon Jul 13 17:00:00 CEST 2015, Time: ,Mon Jul 13 17:00:00 CEST 2015, Event: ,Cherkaskyi Dnipro v Obolon-Brovar, Favorite: ,Obolon-Brovar, 8792401   size:5.81,Price: ,1.11,The Draw, 58805   size:71.59,Price: ,3.05,
1.119481034, Sport: ,Tennis, Time: ,Mon Jul 13 17:00:00 CEST 2015, Time: ,Mon Jul 13 17:00:00 CEST 2015, Event: ,Arvidsson/Celik v Arruabarren/GarcÍa Vid, Favorite: ,Arruabarren/GarcÍa Vid, 9946923   size:43.99,Price: ,1.03,
1.119478571, Sport: ,Basketball, Time: ,Mon Jul 13 18:15:00 CEST 2015, Time: ,Mon Jul 13 18:15:00 CEST 2015, Event: ,Ukraine v Turkey, Favorite: ,Turkey, 208004   size:12.52,Price: ,1.01,
1.119478574, Sport: ,Basketball, Time: ,Mon Jul 13 18:45:00 CEST 2015, Time: ,Mon Jul 13 18:45:00 CEST 2015, Event: ,Italy v Serbia, Favorite: ,Serbia, 2486691   size:12.52,Price: ,1.01,
1.119478577, Sport: ,Basketball, Time: ,Mon Jul 13 18:45:00 CEST 2015, Time: ,Mon Jul 13 18:45:00 CEST 2015, Event: ,Bulgaria v Russia, Favorite: ,Russia, 208011   size:12.52,Price: ,1.01,
1.119370967, Sport: ,Soccer, Time: ,Mon Jul 13 19:00:00 CEST 2015, Time: ,Mon Jul 13 19:00:00 CEST 2015, Event: ,Hammarby v Falkenbergs, Favorite: ,Hammarby, 30679   size:253.31,Price: ,1.65,The Draw, 58805   size:360.76,Price: ,4.2,Falkenbergs, 780883   size:121.1,Price: ,5.8,
1.119368003, Sport: ,Soccer, Time: ,Mon Jul 13 19:00:00 CEST 2015, Time: ,Mon Jul 13 19:00:00 CEST 2015, Event: ,Lunds BK v Kristianstads, Favorite: ,Kristianstads, 384100   size:213.53,Price: ,2.1,Lunds BK, 4638301   size:35.26,Price: ,3.55,The Draw, 58805   size:28.55,Price: ,4.0,
1.119369651, Sport: ,Soccer, Time: ,Mon Jul 13 19:00:00 CEST 2015, Time: ,Mon Jul 13 19:00:00 CEST 2015, Event: ,Grorud v Stabaek II, Favorite: ,Grorud, 6419263   size:4.98,Price: ,1.55,Stabaek II, 5481293   size:6.94,Price: ,2.96,The Draw, 58805   size:14.2,Price: ,3.35,
1.119370806, Sport: ,Soccer, Time: ,Mon Jul 13 19:05:00 CEST 2015, Time: ,Mon Jul 13 19:05:00 CEST 2015, Event: ,Helsingborgs v Djurgardens, Favorite: ,Djurgardens, 232104   size:94.46,Price: ,2.52,Helsingborgs, 764222   size:39.69,Price: ,3.05,The Draw, 58805   size:346.24,Price: ,3.55,
1.119369945, Sport: ,Soccer, Time: ,Mon Jul 13 20:45:00 CEST 2015, Time: ,Mon Jul 13 20:45:00 CEST 2015, Event: ,Cabinteely v Waterford, Favorite: ,Waterford, 364470   size:150.73,Price: ,2.76,The Draw, 58805   size:93.18,Price: ,3.45,
1.119478580, Sport: ,Basketball, Time: ,Mon Jul 13 21:00:00 CEST 2015, Time: ,Mon Jul 13 21:00:00 CEST 2015, Event: ,Israel v Belgium, Favorite: ,Belgium, 1228980   size:12.52,Price: ,1.01,
1.119478583, Sport: ,Basketball, Time: ,Mon Jul 13 21:00:00 CEST 2015, Time: ,Mon Jul 13 21:00:00 CEST 2015, Event: ,Greece v Poland, Favorite: ,Poland, 1228596   size:12.52,Price: ,1.01,
1.119369357, Sport: ,Soccer, Time: ,Mon Jul 13 21:15:00 CEST 2015, Time: ,Mon Jul 13 21:15:00 CEST 2015, Event: ,Haukar v HK Kopavogur, Favorite: ,Haukar, 3149610   size:28.41,Price: ,1.98,The Draw, 58805   size:10.11,Price: ,3.75,
1.119367909, Sport: ,Soccer, Time: ,Mon Jul 13 22:00:00 CEST 2015, Time: ,Mon Jul 13 22:00:00 CEST 2015, Event: ,Dalvik Reynir v KF, Favorite: ,KF, 5554196   size:14.0,Price: ,1.85,Dalvik Reynir, 5618773   size:56.77,Price: ,3.3,The Draw, 58805   size:43.97,Price: ,3.5,
1.119482630, Sport: ,Soccer, Time: ,Tue Jul 14 01:00:00 CEST 2015, Time: ,Tue Jul 14 01:00:00 CEST 2015, Event: ,Barranquilla v Union Magdalena, Favorite: ,Union Magdalena, 5343365   size:17.81,Price: ,1.02,The Draw, 58805   size:2.78,Price: ,1.25,
1.119482574, Sport: ,Soccer, Time: ,Tue Jul 14 01:15:00 CEST 2015, Time: ,Tue Jul 14 01:15:00 CEST 2015, Event: ,Caxias RS v Londrina, Favorite: ,Londrina, 4525642   size:17.81,Price: ,1.02,The Draw, 58805   size:2.78,Price: ,1.25,
1.119482690, Sport: ,Soccer, Time: ,Tue Jul 14 03:00:00 CEST 2015, Time: ,Tue Jul 14 03:00:00 CEST 2015, Event: ,Deportivo Pereira v Leones FC, Favorite: ,Leones FC, 9948447   size:17.81,Price: ,1.02,The Draw, 58805   size:2.78,Price: ,1.25,
1.117884379, Sport: ,American Football, Time: ,Tue Jul 14 03:00:00 CEST 2015, Time: ,Tue Jul 14 03:00:00 CEST 2015, Event: ,Toronto @ Calgary, Favorite: ,Calgary, 2026163   size:2.54,Price: ,1.32,Toronto, 2014644   size:6.95,Price: ,3.6,
1.119229890, Sport: ,Bowls, Time: ,Tue Jul 14 09:00:00 CEST 2015, Time: ,Tue Jul 14 09:00:00 CEST 2015, Event: ,Arkley v Jackson, Favorite: ,Billy Jackson, 2266433   size:0.0,Price: ,0.0,
1.119301325, Sport: ,Cricket, Time: ,Tue Jul 14 09:00:00 CEST 2015, Time: ,Tue Jul 14 09:00:00 CEST 2015, Event: ,Zimbabwe v India (3rd ODI), Favorite: ,India, 414464   size:1387.68,Price: ,1.32,Zimbabwe, 1006   size:2.68,Price: ,3.85,
1.119480594, Sport: ,Tennis, Time: ,Mon Jul 13 11:00:00 CEST 2015, Time: ,Mon Jul 13 11:00:00 CEST 2015, Event: ,Zanevska v Melnikova, Favorite: ,Maryna Zanevska, 6390239   size:48.17,Price: ,1.75,Marina Melnikova, 6390238   size:2.72,Price: ,2.26,
1.119388395, Sport: ,Cricket, Time: ,Mon Jul 13 11:00:00 CEST 2015, Time: ,Mon Jul 13 11:00:00 CEST 2015, Event: ,Hong Kong v Papua New Guinea, Favorite: ,Papua New Guinea, 2857977   size:1221.47,Price: ,1.51,Hong Kong, 247649   size:52.37,Price: ,2.9,
1.119481946, Sport: ,Tennis, Time: ,Mon Jul 13 12:45:00 CEST 2015, Time: ,Mon Jul 13 12:45:00 CEST 2015, Event: ,Galdos v Smirnov, Favorite: ,Artem Smirnov, 3813051   size:2.54,Price: ,1.21,Sergio Galdos, 7430078   size:3.97,Price: ,3.7,
1.119487031, Sport: ,Tennis, Time: ,Mon Jul 13 13:00:00 CEST 2015, Time: ,Mon Jul 13 13:00:00 CEST 2015, Event: ,Martic v Golubic, Favorite: ,Petra Martic, 2346703   size:2.07,Price: ,1.5,Viktorija Golubic, 7283232   size:4.84,Price: ,2.68,
1.119482094, Sport: ,Tennis, Time: ,Mon Jul 13 14:30:00 CEST 2015, Time: ,Mon Jul 13 14:30:00 CEST 2015, Event: ,Shvedova v Dinu, Favorite: ,Yaroslava Shvedova, 2263713   size:205.09,Price: ,1.38,Cristina Dinu, 7216240   size:7.55,Price: ,3.3,
1.119482023, Sport: ,Soccer, Time: ,Mon Jul 13 15:00:00 CEST 2015, Time: ,Mon Jul 13 15:00:00 CEST 2015, Event: ,Hobro IK (Res) v Viborg (Res), Favorite: ,Viborg (Res), 5390724   size:5.81,Price: ,1.11,The Draw, 58805   size:2.78,Price: ,1.25,
1.119482030, Sport: ,Soccer, Time: ,Mon Jul 13 15:00:00 CEST 2015, Time: ,Mon Jul 13 15:00:00 CEST 2015, Event: ,FK Zomin v Lokomotiv BFK Tashkent, Favorite: ,Lokomotiv BFK Tashkent, 8644022   size:5.81,Price: ,1.11,The Draw, 58805   size:24.93,Price: ,1.4,
1.119486877, Sport: ,Tennis, Time: ,Mon Jul 13 15:00:00 CEST 2015, Time: ,Mon Jul 13 15:00:00 CEST 2015, Event: ,Androic v Altamirano, Favorite: ,Toni Androic, 8194189   size:3.9,Price: ,1.28,Collin Altamirano, 7582779   size:36.95,Price: ,3.15,
1.119482221, Sport: ,Soccer, Time: ,Mon Jul 13 16:00:00 CEST 2015, Time: ,Mon Jul 13 16:00:00 CEST 2015, Event: ,Dnipro v Club Brugge, Favorite: ,Dnipro, 50345   size:38.34,Price: ,2.48,Club Brugge, 10762   size:10.57,Price: ,2.82,The Draw, 58805   size:2.02,Price: ,3.7,
1.119487092, Sport: ,Tennis, Time: ,Mon Jul 13 16:45:00 CEST 2015, Time: ,Mon Jul 13 16:45:00 CEST 2015, Event: ,Kim v Giustino, Favorite: ,Lorenzo Giustino, 7534093   size:5.71,Price: ,1.46,Cheong-Eui Kim, 8505207   size:3.73,Price: ,2.28,
1.119470271, Sport: ,Tennis, Time: ,Mon Jul 13 17:00:00 CEST 2015, Time: ,Mon Jul 13 17:00:00 CEST 2015, Event: ,Errani v Buyukakcay, Favorite: ,Sara Errani, 2309567   size:27.83,Price: ,1.1,Cagla Buyukakcay, 3051579   size:2.78,Price: ,9.2,
1.119370085, Sport: ,Soccer, Time: ,Mon Jul 13 17:00:00 CEST 2015, Time: ,Mon Jul 13 17:00:00 CEST 2015, Event: ,Paderborn v Bolton, Favorite: ,Paderborn, 208035   size:2.68,Price: ,2.18,Bolton, 48322   size:3.82,Price: ,3.25,The Draw, 58805   size:2.54,Price: ,3.5,
1.119476329, Sport: ,Tennis, Time: ,Mon Jul 13 19:45:00 CEST 2015, Time: ,Mon Jul 13 19:45:00 CEST 2015, Event: ,Hamou v Carballes Baena, Favorite: ,Roberto Carballes Baena, 7185192   size:4.33,Price: ,1.42,Maxime Hamou, 8859456   size:284.19,Price: ,2.96,
1.119370366, Sport: ,Soccer, Time: ,Mon Jul 13 20:00:00 CEST 2015, Time: ,Mon Jul 13 20:00:00 CEST 2015, Event: ,Spain U19 v Netherlands U19, Favorite: ,Spain U19, 183063   size:15.89,Price: ,1.73,The Draw, 58805   size:131.24,Price: ,4.0,Netherlands U19, 2107168   size:39.12,Price: ,5.6,
1.119370015, Sport: ,Soccer, Time: ,Mon Jul 13 20:00:00 CEST 2015, Time: ,Mon Jul 13 20:00:00 CEST 2015, Event: ,RNK Split v Lokomotiva, Favorite: ,RNK Split, 4135157   size:43.48,Price: ,2.36,Lokomotiva, 4057235   size:13.61,Price: ,3.05,The Draw, 58805   size:4.98,Price: ,3.7,
1.119370296, Sport: ,Soccer, Time: ,Mon Jul 13 20:00:00 CEST 2015, Time: ,Mon Jul 13 20:00:00 CEST 2015, Event: ,Russia U19 v Germany U19, Favorite: ,Germany U19, 183066   size:159.55,Price: ,2.0,The Draw, 58805   size:8.97,Price: ,3.7,Russia U19, 1211053   size:24.71,Price: ,4.1,
1.119370156, Sport: ,Soccer, Time: ,Mon Jul 13 20:00:00 CEST 2015, Time: ,Mon Jul 13 20:00:00 CEST 2015, Event: ,Billingham v Hartlepool, Favorite: ,Hartlepool, 48303   size:3.51,Price: ,1.08,Billingham, 8698664   size:3.36,Price: ,10.0,The Draw, 58805   size:30.47,Price: ,18.0,
1.119370226, Sport: ,Soccer, Time: ,Mon Jul 13 20:30:00 CEST 2015, Time: ,Mon Jul 13 20:30:00 CEST 2015, Event: ,Retford Utd v Mansfield, Favorite: ,Mansfield, 69716   size:2.54,Price: ,1.15,The Draw, 58805   size:2.72,Price: ,3.35,Retford Utd, 2662214   size:3.7,Price: ,4.2,
1.119426123, Sport: ,Basketball, Time: ,Mon Jul 13 22:00:00 CEST 2015, Time: ,Mon Jul 13 22:00:00 CEST 2015, Event: ,Cleveland v Milwaukee, Favorite: ,Milwaukee, 13115   size:2.78,Price: ,1.02,
1.119476970, Sport: ,Tennis, Time: ,Mon Jul 13 22:15:00 CEST 2015, Time: ,Mon Jul 13 22:15:00 CEST 2015, Event: ,Brown/Smith v Bury/Siljestrom, Favorite: ,Brown/Smith, 9940565   size:2.54,Price: ,1.68,Bury/Siljestrom, 9940566   size:4.92,Price: ,2.1,
1.119479215, Sport: ,Tennis, Time: ,Mon Jul 13 22:15:00 CEST 2015, Time: ,Mon Jul 13 22:15:00 CEST 2015, Event: ,Donaldson v Krajicek, Favorite: ,Jared Donaldson, 7413423   size:45.27,Price: ,1.56,Austin Krajicek, 3288367   size:4.26,Price: ,2.56,
1.119425301, Sport: ,Basketball, Time: ,Mon Jul 13 22:30:00 CEST 2015, Time: ,Mon Jul 13 22:30:00 CEST 2015, Event: ,New Orleans v Brooklyn, Favorite: ,New Orleans, 6860646   size:2.78,Price: ,1.01,Brooklyn, 6758557   size:2.78,Price: ,1.02,
1.119487495, Sport: ,Tennis, Time: ,Tue Jul 14 03:00:00 CEST 2015, Time: ,Tue Jul 14 03:00:00 CEST 2015, Event: ,A Gai v X You, Favorite: ,Xiaodi You, 9458785   size:70.6,Price: ,1.02,
1.119487493, Sport: ,Tennis, Time: ,Tue Jul 14 03:00:00 CEST 2015, Time: ,Tue Jul 14 03:00:00 CEST 2015, Event: ,Palha v Q Zhao, Favorite: ,Qianqian Zhao, 8813781   size:70.6,Price: ,1.02,
1.119487490, Sport: ,Tennis, Time: ,Tue Jul 14 03:00:00 CEST 2015, Time: ,Tue Jul 14 03:00:00 CEST 2015, Event: ,D Zhao v Y Duan, Favorite: ,Ying-Ying Duan, 8243878   size:43.99,Price: ,1.03,
1.119408556, Sport: ,Soccer, Time: ,Tue Jul 14 03:30:00 CEST 2015, Time: ,Tue Jul 14 03:30:00 CEST 2015, Event: ,Panama v USA, Favorite: ,USA, 352   size:8.7,Price: ,1.65,The Draw, 58805   size:468.32,Price: ,4.1,Panama, 520320   size:81.57,Price: ,6.4,
1.119425359, Sport: ,Basketball, Time: ,Tue Jul 14 04:00:00 CEST 2015, Time: ,Tue Jul 14 04:00:00 CEST 2015, Event: ,Toronto v Houston, Favorite: ,Houston, 13123   size:2.78,Price: ,1.02,
1.119425370, Sport: ,Basketball, Time: ,Tue Jul 14 04:30:00 CEST 2015, Time: ,Tue Jul 14 04:30:00 CEST 2015, Event: ,Utah v Minnesota, Favorite: ,Minnesota, 13118   size:2.78,Price: ,1.02,
1.119487494, Sport: ,Tennis, Time: ,Tue Jul 14 04:30:00 CEST 2015, Time: ,Tue Jul 14 04:30:00 CEST 2015, Event: ,Raina v Shlomo, Favorite: ,Keren Shlomo, 9378929   size:70.6,Price: ,1.02,
1.119487492, Sport: ,Tennis, Time: ,Tue Jul 14 04:30:00 CEST 2015, Time: ,Tue Jul 14 04:30:00 CEST 2015, Event: ,Q Wang v S Guo, Favorite: ,Shanshan Guo, 9629172   size:70.6,Price: ,1.02,
1.119481202, Sport: ,Tennis, Time: ,Mon Jul 13 11:00:00 CEST 2015, Time: ,Mon Jul 13 11:00:00 CEST 2015, Event: ,Dutra Silva v Michnev, Favorite: ,Rogerio Dutra Silva, 2301068   size:62.42,Price: ,1.13,Petr Michnev, 8224989   size:3.55,Price: ,8.0,
1.119481195, Sport: ,Tennis, Time: ,Mon Jul 13 11:00:00 CEST 2015, Time: ,Mon Jul 13 11:00:00 CEST 2015, Event: ,Dubarenco v Andrzejczuk, Favorite: ,Maxim Dubarenco, 7797862   size:146.38,Price: ,1.13,Adrian Andrzejczuk, 8826819   size:7.95,Price: ,8.0,
1.119470306, Sport: ,Tennis, Time: ,Mon Jul 13 15:30:00 CEST 2015, Time: ,Mon Jul 13 15:30:00 CEST 2015, Event: ,Tig v Soler-Espinosa, Favorite: ,Sílvia Soler-Espinosa, 8768297   size:1504.86,Price: ,1.37,Patricia Maria Tig, 8679189   size:26.36,Price: ,3.45,
1.119470337, Sport: ,Tennis, Time: ,Mon Jul 13 16:00:00 CEST 2015, Time: ,Mon Jul 13 16:00:00 CEST 2015, Event: ,Smitkova v Hercog, Favorite: ,Polona Hercog, 2548781   size:69.66,Price: ,1.71,Tereza Smitkova, 7186355   size:101.75,Price: ,2.26,
1.119478179, Sport: ,Soccer, Time: ,Mon Jul 13 17:00:00 CEST 2015, Time: ,Mon Jul 13 17:00:00 CEST 2015, Event: ,Spartaks Jurmala (Res) v Skonto FC Riga (Res), Favorite: ,Skonto FC Riga (Res), 9397708   size:136.49,Price: ,1.08,Spartaks Jurmala (Res), 9416671   size:5.81,Price: ,1.11,The Draw, 58805   size:57.67,Price: ,3.1,
1.119477837, Sport: ,Soccer, Time: ,Mon Jul 13 17:00:00 CEST 2015, Time: ,Mon Jul 13 17:00:00 CEST 2015, Event: ,Helios v Kremin, Favorite: ,Kremin, 8792410   size:5.81,Price: ,1.11,The Draw, 58805   size:2.78,Price: ,1.25,
1.119477461, Sport: ,Soccer, Time: ,Mon Jul 13 17:30:00 CEST 2015, Time: ,Mon Jul 13 17:30:00 CEST 2015, Event: ,Amkar v Mezokovesd-Zsory, Favorite: ,Amkar, 746696   size:2.66,Price: ,1.4,The Draw, 58805   size:8.41,Price: ,4.1,Mezokovesd-Zsory, 7405019   size:9.13,Price: ,5.9,
1.119478117, Sport: ,Soccer, Time: ,Mon Jul 13 18:00:00 CEST 2015, Time: ,Mon Jul 13 18:00:00 CEST 2015, Event: ,Ural v FK Jablonec, Favorite: ,FK Jablonec, 367578   size:76.97,Price: ,2.32,Ural, 2460920   size:5.71,Price: ,3.05,The Draw, 58805   size:8.97,Price: ,3.8,
1.119470311, Sport: ,Tennis, Time: ,Mon Jul 13 18:30:00 CEST 2015, Time: ,Mon Jul 13 18:30:00 CEST 2015, Event: ,Tatishvili v Voegele, Favorite: ,Stefanie Voegele, 3622149   size:45.49,Price: ,1.62,Anna Tatishvili, 2311979   size:86.14,Price: ,2.52,
1.119478863, Sport: ,Tennis, Time: ,Mon Jul 13 18:45:00 CEST 2015, Time: ,Mon Jul 13 18:45:00 CEST 2015, Event: ,B Tomic v Smith, Favorite: ,Bernard Tomic, 3588868   size:14.79,Price: ,1.19,John-Patrick Smith, 8243874   size:2.78,Price: ,5.9,
1.119477532, Sport: ,Soccer, Time: ,Mon Jul 13 19:00:00 CEST 2015, Time: ,Mon Jul 13 19:00:00 CEST 2015, Event: ,Biel-Bienne v Luzern, Favorite: ,Luzern, 65784   size:72.43,Price: ,1.6,The Draw, 58805   size:2.67,Price: ,4.2,Biel-Bienne, 6494650   size:76.17,Price: ,4.7,
1.119478123, Sport: ,Soccer, Time: ,Mon Jul 13 20:00:00 CEST 2015, Time: ,Mon Jul 13 20:00:00 CEST 2015, Event: ,Acassuso v Villa San Carlos, Favorite: ,Acassuso, 8405070   size:2.48,Price: ,2.48,The Draw, 58805   size:4.44,Price: ,2.86,Villa San Carlos, 7546709   size:3.81,Price: ,3.0,
1.119478850, Sport: ,Tennis, Time: ,Mon Jul 13 20:30:00 CEST 2015, Time: ,Mon Jul 13 20:30:00 CEST 2015, Event: ,Menendez-Maceiras v Falla, Favorite: ,Alejandro Falla, 2284300   size:33.16,Price: ,1.34,Adrian Menendez-Maceira, 9128710   size:4.25,Price: ,3.6,
1.119478930, Sport: ,Tennis, Time: ,Mon Jul 13 20:30:00 CEST 2015, Time: ,Mon Jul 13 20:30:00 CEST 2015, Event: ,Marchenko v Karlovic, Favorite: ,Ivo Karlovic, 2263570   size:1486.25,Price: ,1.21,Illya Marchenko, 3691700   size:33.58,Price: ,5.5,
1.119477977, Sport: ,Soccer, Time: ,Mon Jul 13 20:30:00 CEST 2015, Time: ,Mon Jul 13 20:30:00 CEST 2015, Event: ,Salford City FC v Man Utd U21, Favorite: ,Man Utd U21, 6615321   size:137.8,Price: ,1.06,The Draw, 58805   size:2.78,Price: ,1.25,
1.119477628, Sport: ,Soccer, Time: ,Mon Jul 13 20:45:00 CEST 2015, Time: ,Mon Jul 13 20:45:00 CEST 2015, Event: ,Bognor Regis Town FC v Gosport Borough, Favorite: ,Gosport Borough, 2662210   size:2.93,Price: ,1.7,Bognor Regis Town FC, 7086983   size:2.26,Price: ,2.2,The Draw, 58805   size:2.7,Price: ,3.4,
1.119477907, Sport: ,Soccer, Time: ,Mon Jul 13 20:45:00 CEST 2015, Time: ,Mon Jul 13 20:45:00 CEST 2015, Event: ,Kingstonian v Chelsea U21, Favorite: ,Chelsea U21, 6689721   size:137.8,Price: ,1.06,The Draw, 58805   size:2.78,Price: ,1.25,
1.119470178, Sport: ,Soccer, Time: ,Mon Jul 13 20:45:00 CEST 2015, Time: ,Mon Jul 13 20:45:00 CEST 2015, Event: ,Livingston v Sociedad, Favorite: ,Sociedad, 79323   size:137.8,Price: ,1.06,The Draw, 58805   size:13.91,Price: ,3.35,
1.119410999, Sport: ,Soccer, Time: ,Mon Jul 13 23:00:00 CEST 2015, Time: ,Mon Jul 13 23:00:00 CEST 2015, Event: ,Aldosivi v Rosario Central, Favorite: ,Rosario Central, 220949   size:26.35,Price: ,2.32,The Draw, 58805   size:602.51,Price: ,3.15,Aldosivi, 5174666   size:18.6,Price: ,3.7,
1.119425342, Sport: ,Basketball, Time: ,Tue Jul 14 02:00:00 CEST 2015, Time: ,Tue Jul 14 02:00:00 CEST 2015, Event: ,Miami v Denver, Favorite: ,Denver, 13124   size:2.78,Price: ,1.02,
1.119411101, Sport: ,Soccer, Time: ,Tue Jul 14 02:10:00 CEST 2015, Time: ,Tue Jul 14 02:10:00 CEST 2015, Event: ,Velez v Tigre, Favorite: ,Velez, 367589   size:122.22,Price: ,2.52,The Draw, 58805   size:794.58,Price: ,3.15,Tigre, 2451815   size:25.17,Price: ,3.4,
1.119425355, Sport: ,Basketball, Time: ,Tue Jul 14 02:30:00 CEST 2015, Time: ,Tue Jul 14 02:30:00 CEST 2015, Event: ,LA Lakers v New York, Favorite: ,New York, 13106   size:2.78,Price: ,1.02,
1.119481192, Sport: ,Tennis, Time: ,Tue Jul 14 06:30:00 CEST 2015, Time: ,Tue Jul 14 06:30:00 CEST 2015, Event: ,Kato v Minokoshi, Favorite: ,Miyu Kato, 8839047   size:2.54,Price: ,1.05,Mai Minokoshi, 7657300   size:2.54,Price: ,1.28,
